,product,bigscape_class,biosyn_class,compounds,chem_acts,accession,completeness,organism_name,ncbi_tax_id,publications,evidence,gcf_0.30,gcf_0.40,gcf_0.50,Clan Number,fam_id_0.50,fam_type_0.50,fam_known_compounds_0.50
BGC0000018.1,T1PKS,PKSI,Polyketide,angolamycin,,EU220288.1,Unknown,Streptomyces eurythermus,42237,pubmed:18802638,,16,158,107,,2,known_family,"piericidin A1;actinoallolide A;aldgamycin J;aldgamycin K;aldgamycin P;aldgamycin E;10,11-dihydro-8-deoxy-12,13-deepoxy-12,13-dihydrochalcomycin;ebelactone A;ebelactone B;mycinamicin II;griseochelin;spirangien O;FD-891;linfuranone B;linfuranone C;angolamycin;tylactone;nystatin;monensin;oligomycin;pladienolide B;E-837;tylactone;methymycin;rosamicin;salinipyrone A;pacificanone A;piericidin A1;midecamycin;laidlomycin;lasalocid;halstoctacosanolide A;niddamycin;nanchangmycin;azalomycin F3a;nystatin A1;monensin;chalcomycin A;niphimycins C-E;piericidin A1;nystatin-like Pseudonocardia polyene;pentamycin;JBIR-100;nigericin;selvamicin;lasalocid;filipin;lasalocid;LL-F28249α"
BGC0000035.1,T1PKS,PKSI,Polyketide,chalcomycin A,,AY509120.1,Unknown,Streptomyces bikiniensis,1896,pubmed:15561847,,45,45,45,,2,known_family,"piericidin A1;actinoallolide A;aldgamycin J;aldgamycin K;aldgamycin P;aldgamycin E;10,11-dihydro-8-deoxy-12,13-deepoxy-12,13-dihydrochalcomycin;ebelactone A;ebelactone B;mycinamicin II;griseochelin;spirangien O;FD-891;linfuranone B;linfuranone C;angolamycin;tylactone;nystatin;monensin;oligomycin;pladienolide B;E-837;tylactone;methymycin;rosamicin;salinipyrone A;pacificanone A;piericidin A1;midecamycin;laidlomycin;lasalocid;halstoctacosanolide A;niddamycin;nanchangmycin;azalomycin F3a;nystatin A1;monensin;chalcomycin A;niphimycins C-E;piericidin A1;nystatin-like Pseudonocardia polyene;pentamycin;JBIR-100;nigericin;selvamicin;lasalocid;filipin;lasalocid;LL-F28249α"
BGC0000038.1,butyrolactone.T1PKS,Others,Polyketide,coelimycin P1,,AL645882.2,complete,Streptomyces coelicolor A3(2),100226,pubmed:17009021;pubmed:20447997;pubmed:24660171,Knock-out studies;Sequence-based prediction,36,36,2198,36,46,known_family,coelimycin P1
BGC0000047.1,T1PKS,PKSI,Polyketide,"10,11-dihydro-8-deoxy-12,13-deepoxy-12,13-dihydrochalcomycin",,AY118081.2,Unknown,Streptomyces sp. KCTC 0041BP,201500,pubmed:17053005,,45,45,45,,2,known_family,"piericidin A1;actinoallolide A;aldgamycin J;aldgamycin K;aldgamycin P;aldgamycin E;10,11-dihydro-8-deoxy-12,13-deepoxy-12,13-dihydrochalcomycin;ebelactone A;ebelactone B;mycinamicin II;griseochelin;spirangien O;FD-891;linfuranone B;linfuranone C;angolamycin;tylactone;nystatin;monensin;oligomycin;pladienolide B;E-837;tylactone;methymycin;rosamicin;salinipyrone A;pacificanone A;piericidin A1;midecamycin;laidlomycin;lasalocid;halstoctacosanolide A;niddamycin;nanchangmycin;azalomycin F3a;nystatin A1;monensin;chalcomycin A;niphimycins C-E;piericidin A1;nystatin-like Pseudonocardia polyene;pentamycin;JBIR-100;nigericin;selvamicin;lasalocid;filipin;lasalocid;LL-F28249α"
BGC0000050.1,T1PKS,PKSI,Polyketide,E-837,,DQ272520.1,Unknown,Streptomyces aculeolatus,270689,pubmed:16724457,,47,47,107,,2,known_family,"piericidin A1;actinoallolide A;aldgamycin J;aldgamycin K;aldgamycin P;aldgamycin E;10,11-dihydro-8-deoxy-12,13-deepoxy-12,13-dihydrochalcomycin;ebelactone A;ebelactone B;mycinamicin II;griseochelin;spirangien O;FD-891;linfuranone B;linfuranone C;angolamycin;tylactone;nystatin;monensin;oligomycin;pladienolide B;E-837;tylactone;methymycin;rosamicin;salinipyrone A;pacificanone A;piericidin A1;midecamycin;laidlomycin;lasalocid;halstoctacosanolide A;niddamycin;nanchangmycin;azalomycin F3a;nystatin A1;monensin;chalcomycin A;niphimycins C-E;piericidin A1;nystatin-like Pseudonocardia polyene;pentamycin;JBIR-100;nigericin;selvamicin;lasalocid;filipin;lasalocid;LL-F28249α"
BGC0000051.1,T1PKS,PKSI,Polyketide,ebelactone A;ebelactone B,,KC894072.1,Unknown,Kitasatospora aburaviensis,67265,pubmed:23801186,,48,48,89,,2,known_family,"piericidin A1;actinoallolide A;aldgamycin J;aldgamycin K;aldgamycin P;aldgamycin E;10,11-dihydro-8-deoxy-12,13-deepoxy-12,13-dihydrochalcomycin;ebelactone A;ebelactone B;mycinamicin II;griseochelin;spirangien O;FD-891;linfuranone B;linfuranone C;angolamycin;tylactone;nystatin;monensin;oligomycin;pladienolide B;E-837;tylactone;methymycin;rosamicin;salinipyrone A;pacificanone A;piericidin A1;midecamycin;laidlomycin;lasalocid;halstoctacosanolide A;niddamycin;nanchangmycin;azalomycin F3a;nystatin A1;monensin;chalcomycin A;niphimycins C-E;piericidin A1;nystatin-like Pseudonocardia polyene;pentamycin;JBIR-100;nigericin;selvamicin;lasalocid;filipin;lasalocid;LL-F28249α"
BGC0000058.1,T1PKS,PKSI,Polyketide,FD-891,,AB469193.1,Unknown,Streptomyces graminofaciens,68212,pubmed:20589823,,55,55,120,,2,known_family,"piericidin A1;actinoallolide A;aldgamycin J;aldgamycin K;aldgamycin P;aldgamycin E;10,11-dihydro-8-deoxy-12,13-deepoxy-12,13-dihydrochalcomycin;ebelactone A;ebelactone B;mycinamicin II;griseochelin;spirangien O;FD-891;linfuranone B;linfuranone C;angolamycin;tylactone;nystatin;monensin;oligomycin;pladienolide B;E-837;tylactone;methymycin;rosamicin;salinipyrone A;pacificanone A;piericidin A1;midecamycin;laidlomycin;lasalocid;halstoctacosanolide A;niddamycin;nanchangmycin;azalomycin F3a;nystatin A1;monensin;chalcomycin A;niphimycins C-E;piericidin A1;nystatin-like Pseudonocardia polyene;pentamycin;JBIR-100;nigericin;selvamicin;lasalocid;filipin;lasalocid;LL-F28249α"
BGC0000059.1,T1PKS,PKSI,Polyketide,filipin,,BA000030.3,Unknown,Streptomyces avermitilis MA-4680 = NBRC 14893,227882,pubmed:23990133,,56,56,1658,,2,known_family,"piericidin A1;actinoallolide A;aldgamycin J;aldgamycin K;aldgamycin P;aldgamycin E;10,11-dihydro-8-deoxy-12,13-deepoxy-12,13-dihydrochalcomycin;ebelactone A;ebelactone B;mycinamicin II;griseochelin;spirangien O;FD-891;linfuranone B;linfuranone C;angolamycin;tylactone;nystatin;monensin;oligomycin;pladienolide B;E-837;tylactone;methymycin;rosamicin;salinipyrone A;pacificanone A;piericidin A1;midecamycin;laidlomycin;lasalocid;halstoctacosanolide A;niddamycin;nanchangmycin;azalomycin F3a;nystatin A1;monensin;chalcomycin A;niphimycins C-E;piericidin A1;nystatin-like Pseudonocardia polyene;pentamycin;JBIR-100;nigericin;selvamicin;lasalocid;filipin;lasalocid;LL-F28249α"
BGC0000073.1,T1PKS,PKSI,Polyketide,halstoctacosanolide A,,AB241068.1,Unknown,Streptomyces halstedii,1944,pubmed:16568718,,69,69,110,,2,known_family,"piericidin A1;actinoallolide A;aldgamycin J;aldgamycin K;aldgamycin P;aldgamycin E;10,11-dihydro-8-deoxy-12,13-deepoxy-12,13-dihydrochalcomycin;ebelactone A;ebelactone B;mycinamicin II;griseochelin;spirangien O;FD-891;linfuranone B;linfuranone C;angolamycin;tylactone;nystatin;monensin;oligomycin;pladienolide B;E-837;tylactone;methymycin;rosamicin;salinipyrone A;pacificanone A;piericidin A1;midecamycin;laidlomycin;lasalocid;halstoctacosanolide A;niddamycin;nanchangmycin;azalomycin F3a;nystatin A1;monensin;chalcomycin A;niphimycins C-E;piericidin A1;nystatin-like Pseudonocardia polyene;pentamycin;JBIR-100;nigericin;selvamicin;lasalocid;filipin;lasalocid;LL-F28249α"
BGC0000084.1,T1PKS,PKSI,Polyketide,laidlomycin,,JQ793783.1,Unknown,Streptomyces sp. CS684,272618,pubmed:17342048,,94,94,94,,2,known_family,"piericidin A1;actinoallolide A;aldgamycin J;aldgamycin K;aldgamycin P;aldgamycin E;10,11-dihydro-8-deoxy-12,13-deepoxy-12,13-dihydrochalcomycin;ebelactone A;ebelactone B;mycinamicin II;griseochelin;spirangien O;FD-891;linfuranone B;linfuranone C;angolamycin;tylactone;nystatin;monensin;oligomycin;pladienolide B;E-837;tylactone;methymycin;rosamicin;salinipyrone A;pacificanone A;piericidin A1;midecamycin;laidlomycin;lasalocid;halstoctacosanolide A;niddamycin;nanchangmycin;azalomycin F3a;nystatin A1;monensin;chalcomycin A;niphimycins C-E;piericidin A1;nystatin-like Pseudonocardia polyene;pentamycin;JBIR-100;nigericin;selvamicin;lasalocid;filipin;lasalocid;LL-F28249α"
BGC0000086.1,T1PKS,PKSI,Polyketide,lasalocid,,AB449340.1,Unknown,Streptomyces lasaliensis,324833,pubmed:18710235;pubmed:19129623,,1540,1540,83,,2,known_family,"piericidin A1;actinoallolide A;aldgamycin J;aldgamycin K;aldgamycin P;aldgamycin E;10,11-dihydro-8-deoxy-12,13-deepoxy-12,13-dihydrochalcomycin;ebelactone A;ebelactone B;mycinamicin II;griseochelin;spirangien O;FD-891;linfuranone B;linfuranone C;angolamycin;tylactone;nystatin;monensin;oligomycin;pladienolide B;E-837;tylactone;methymycin;rosamicin;salinipyrone A;pacificanone A;piericidin A1;midecamycin;laidlomycin;lasalocid;halstoctacosanolide A;niddamycin;nanchangmycin;azalomycin F3a;nystatin A1;monensin;chalcomycin A;niphimycins C-E;piericidin A1;nystatin-like Pseudonocardia polyene;pentamycin;JBIR-100;nigericin;selvamicin;lasalocid;filipin;lasalocid;LL-F28249α"
BGC0000087.1,T1PKS,PKSI,Polyketide,lasalocid,,FM173265.1,Unknown,Streptomyces lasaliensis,324833,pubmed:19025863,,1540,1540,83,,2,known_family,"piericidin A1;actinoallolide A;aldgamycin J;aldgamycin K;aldgamycin P;aldgamycin E;10,11-dihydro-8-deoxy-12,13-deepoxy-12,13-dihydrochalcomycin;ebelactone A;ebelactone B;mycinamicin II;griseochelin;spirangien O;FD-891;linfuranone B;linfuranone C;angolamycin;tylactone;nystatin;monensin;oligomycin;pladienolide B;E-837;tylactone;methymycin;rosamicin;salinipyrone A;pacificanone A;piericidin A1;midecamycin;laidlomycin;lasalocid;halstoctacosanolide A;niddamycin;nanchangmycin;azalomycin F3a;nystatin A1;monensin;chalcomycin A;niphimycins C-E;piericidin A1;nystatin-like Pseudonocardia polyene;pentamycin;JBIR-100;nigericin;selvamicin;lasalocid;filipin;lasalocid;LL-F28249α"
BGC0000094.1,T1PKS,PKSI,Polyketide;Saccharide,methymycin,Antibacterial,AF079138.1,incomplete,Streptomyces venezuelae,54571,pubmed:9770448,Enzymatic assays,2065,2065,89,,2,known_family,"piericidin A1;actinoallolide A;aldgamycin J;aldgamycin K;aldgamycin P;aldgamycin E;10,11-dihydro-8-deoxy-12,13-deepoxy-12,13-dihydrochalcomycin;ebelactone A;ebelactone B;mycinamicin II;griseochelin;spirangien O;FD-891;linfuranone B;linfuranone C;angolamycin;tylactone;nystatin;monensin;oligomycin;pladienolide B;E-837;tylactone;methymycin;rosamicin;salinipyrone A;pacificanone A;piericidin A1;midecamycin;laidlomycin;lasalocid;halstoctacosanolide A;niddamycin;nanchangmycin;azalomycin F3a;nystatin A1;monensin;chalcomycin A;niphimycins C-E;piericidin A1;nystatin-like Pseudonocardia polyene;pentamycin;JBIR-100;nigericin;selvamicin;lasalocid;filipin;lasalocid;LL-F28249α"
BGC0000096.1,T1PKS,PKSI,Polyketide,midecamycin,,BD420675.1,Unknown,Streptomyces mycarofaciens,1949,patent:US7070980B2,,90,158,107,,2,known_family,"piericidin A1;actinoallolide A;aldgamycin J;aldgamycin K;aldgamycin P;aldgamycin E;10,11-dihydro-8-deoxy-12,13-deepoxy-12,13-dihydrochalcomycin;ebelactone A;ebelactone B;mycinamicin II;griseochelin;spirangien O;FD-891;linfuranone B;linfuranone C;angolamycin;tylactone;nystatin;monensin;oligomycin;pladienolide B;E-837;tylactone;methymycin;rosamicin;salinipyrone A;pacificanone A;piericidin A1;midecamycin;laidlomycin;lasalocid;halstoctacosanolide A;niddamycin;nanchangmycin;azalomycin F3a;nystatin A1;monensin;chalcomycin A;niphimycins C-E;piericidin A1;nystatin-like Pseudonocardia polyene;pentamycin;JBIR-100;nigericin;selvamicin;lasalocid;filipin;lasalocid;LL-F28249α"
BGC0000100.1,T1PKS,PKSI,Polyketide,monensin,,AF440781.1,Unknown,Streptomyces cinnamonensis,1900,pubmed:12940979,,94,94,94,,2,known_family,"piericidin A1;actinoallolide A;aldgamycin J;aldgamycin K;aldgamycin P;aldgamycin E;10,11-dihydro-8-deoxy-12,13-deepoxy-12,13-dihydrochalcomycin;ebelactone A;ebelactone B;mycinamicin II;griseochelin;spirangien O;FD-891;linfuranone B;linfuranone C;angolamycin;tylactone;nystatin;monensin;oligomycin;pladienolide B;E-837;tylactone;methymycin;rosamicin;salinipyrone A;pacificanone A;piericidin A1;midecamycin;laidlomycin;lasalocid;halstoctacosanolide A;niddamycin;nanchangmycin;azalomycin F3a;nystatin A1;monensin;chalcomycin A;niphimycins C-E;piericidin A1;nystatin-like Pseudonocardia polyene;pentamycin;JBIR-100;nigericin;selvamicin;lasalocid;filipin;lasalocid;LL-F28249α"
BGC0000102.1,T1PKS,PKSI,Polyketide,mycinamicin II,,AB089954.2,Unknown,Micromonospora griseorubida,28040,pubmed:12583909,,96,96,107,,2,known_family,"piericidin A1;actinoallolide A;aldgamycin J;aldgamycin K;aldgamycin P;aldgamycin E;10,11-dihydro-8-deoxy-12,13-deepoxy-12,13-dihydrochalcomycin;ebelactone A;ebelactone B;mycinamicin II;griseochelin;spirangien O;FD-891;linfuranone B;linfuranone C;angolamycin;tylactone;nystatin;monensin;oligomycin;pladienolide B;E-837;tylactone;methymycin;rosamicin;salinipyrone A;pacificanone A;piericidin A1;midecamycin;laidlomycin;lasalocid;halstoctacosanolide A;niddamycin;nanchangmycin;azalomycin F3a;nystatin A1;monensin;chalcomycin A;niphimycins C-E;piericidin A1;nystatin-like Pseudonocardia polyene;pentamycin;JBIR-100;nigericin;selvamicin;lasalocid;filipin;lasalocid;LL-F28249α"
BGC0000105.1,T1PKS,PKSI,Polyketide,nanchangmycin,,AF521085.1,Unknown,Streptomyces nanchangensis,204925,pubmed:12770825,,99,99,110,,2,known_family,"piericidin A1;actinoallolide A;aldgamycin J;aldgamycin K;aldgamycin P;aldgamycin E;10,11-dihydro-8-deoxy-12,13-deepoxy-12,13-dihydrochalcomycin;ebelactone A;ebelactone B;mycinamicin II;griseochelin;spirangien O;FD-891;linfuranone B;linfuranone C;angolamycin;tylactone;nystatin;monensin;oligomycin;pladienolide B;E-837;tylactone;methymycin;rosamicin;salinipyrone A;pacificanone A;piericidin A1;midecamycin;laidlomycin;lasalocid;halstoctacosanolide A;niddamycin;nanchangmycin;azalomycin F3a;nystatin A1;monensin;chalcomycin A;niphimycins C-E;piericidin A1;nystatin-like Pseudonocardia polyene;pentamycin;JBIR-100;nigericin;selvamicin;lasalocid;filipin;lasalocid;LL-F28249α"
BGC0000109.1,T1PKS,PKSI,Polyketide,LL-F28249α,,AB363939.1,Unknown,Streptomyces cyaneogriseus subsp. noncyanogenus,477245,patent:US7670827B2,,103,103,120,,2,known_family,"piericidin A1;actinoallolide A;aldgamycin J;aldgamycin K;aldgamycin P;aldgamycin E;10,11-dihydro-8-deoxy-12,13-deepoxy-12,13-dihydrochalcomycin;ebelactone A;ebelactone B;mycinamicin II;griseochelin;spirangien O;FD-891;linfuranone B;linfuranone C;angolamycin;tylactone;nystatin;monensin;oligomycin;pladienolide B;E-837;tylactone;methymycin;rosamicin;salinipyrone A;pacificanone A;piericidin A1;midecamycin;laidlomycin;lasalocid;halstoctacosanolide A;niddamycin;nanchangmycin;azalomycin F3a;nystatin A1;monensin;chalcomycin A;niphimycins C-E;piericidin A1;nystatin-like Pseudonocardia polyene;pentamycin;JBIR-100;nigericin;selvamicin;lasalocid;filipin;lasalocid;LL-F28249α"
BGC0000113.1,T1PKS,PKSI,Polyketide,niddamycin,,AF016585.1,Unknown,Streptomyces caelestis,36816,pubmed:9393718,,90,158,107,,2,known_family,"piericidin A1;actinoallolide A;aldgamycin J;aldgamycin K;aldgamycin P;aldgamycin E;10,11-dihydro-8-deoxy-12,13-deepoxy-12,13-dihydrochalcomycin;ebelactone A;ebelactone B;mycinamicin II;griseochelin;spirangien O;FD-891;linfuranone B;linfuranone C;angolamycin;tylactone;nystatin;monensin;oligomycin;pladienolide B;E-837;tylactone;methymycin;rosamicin;salinipyrone A;pacificanone A;piericidin A1;midecamycin;laidlomycin;lasalocid;halstoctacosanolide A;niddamycin;nanchangmycin;azalomycin F3a;nystatin A1;monensin;chalcomycin A;niphimycins C-E;piericidin A1;nystatin-like Pseudonocardia polyene;pentamycin;JBIR-100;nigericin;selvamicin;lasalocid;filipin;lasalocid;LL-F28249α"
BGC0000114.1,T1PKS,PKSI,Polyketide,nigericin," veterinary medicine, animal husbandry,antimalaria",DQ354110.1,complete,Streptomyces violaceusniger,68280,pubmed:17584617,Gene expression correlated with compound production;Sequence-based prediction,108,108,110,,2,known_family,"piericidin A1;actinoallolide A;aldgamycin J;aldgamycin K;aldgamycin P;aldgamycin E;10,11-dihydro-8-deoxy-12,13-deepoxy-12,13-dihydrochalcomycin;ebelactone A;ebelactone B;mycinamicin II;griseochelin;spirangien O;FD-891;linfuranone B;linfuranone C;angolamycin;tylactone;nystatin;monensin;oligomycin;pladienolide B;E-837;tylactone;methymycin;rosamicin;salinipyrone A;pacificanone A;piericidin A1;midecamycin;laidlomycin;lasalocid;halstoctacosanolide A;niddamycin;nanchangmycin;azalomycin F3a;nystatin A1;monensin;chalcomycin A;niphimycins C-E;piericidin A1;nystatin-like Pseudonocardia polyene;pentamycin;JBIR-100;nigericin;selvamicin;lasalocid;filipin;lasalocid;LL-F28249α"
BGC0000115.1,T1PKS,PKSI,Polyketide;Saccharide,nystatin A1,Antifungal,AF263912.1,complete,Streptomyces noursei ATCC 11455,316284,pubmed:10873841,Knock-out studies,110,110,110,,2,known_family,"piericidin A1;actinoallolide A;aldgamycin J;aldgamycin K;aldgamycin P;aldgamycin E;10,11-dihydro-8-deoxy-12,13-deepoxy-12,13-dihydrochalcomycin;ebelactone A;ebelactone B;mycinamicin II;griseochelin;spirangien O;FD-891;linfuranone B;linfuranone C;angolamycin;tylactone;nystatin;monensin;oligomycin;pladienolide B;E-837;tylactone;methymycin;rosamicin;salinipyrone A;pacificanone A;piericidin A1;midecamycin;laidlomycin;lasalocid;halstoctacosanolide A;niddamycin;nanchangmycin;azalomycin F3a;nystatin A1;monensin;chalcomycin A;niphimycins C-E;piericidin A1;nystatin-like Pseudonocardia polyene;pentamycin;JBIR-100;nigericin;selvamicin;lasalocid;filipin;lasalocid;LL-F28249α"
BGC0000116.1,T1PKS,PKSI,Polyketide,nystatin-like Pseudonocardia polyene,,EU108007.1,Unknown,Pseudonocardia autotrophica,2074,pubmed:19697072,,110,110,110,,2,known_family,"piericidin A1;actinoallolide A;aldgamycin J;aldgamycin K;aldgamycin P;aldgamycin E;10,11-dihydro-8-deoxy-12,13-deepoxy-12,13-dihydrochalcomycin;ebelactone A;ebelactone B;mycinamicin II;griseochelin;spirangien O;FD-891;linfuranone B;linfuranone C;angolamycin;tylactone;nystatin;monensin;oligomycin;pladienolide B;E-837;tylactone;methymycin;rosamicin;salinipyrone A;pacificanone A;piericidin A1;midecamycin;laidlomycin;lasalocid;halstoctacosanolide A;niddamycin;nanchangmycin;azalomycin F3a;nystatin A1;monensin;chalcomycin A;niphimycins C-E;piericidin A1;nystatin-like Pseudonocardia polyene;pentamycin;JBIR-100;nigericin;selvamicin;lasalocid;filipin;lasalocid;LL-F28249α"
BGC0000117.1,T1PKS,PKSI,Polyketide,oligomycin,,AB070940.1,Unknown,Streptomyces avermitilis,33903,pubmed:11572948,,111,111,110,,2,known_family,"piericidin A1;actinoallolide A;aldgamycin J;aldgamycin K;aldgamycin P;aldgamycin E;10,11-dihydro-8-deoxy-12,13-deepoxy-12,13-dihydrochalcomycin;ebelactone A;ebelactone B;mycinamicin II;griseochelin;spirangien O;FD-891;linfuranone B;linfuranone C;angolamycin;tylactone;nystatin;monensin;oligomycin;pladienolide B;E-837;tylactone;methymycin;rosamicin;salinipyrone A;pacificanone A;piericidin A1;midecamycin;laidlomycin;lasalocid;halstoctacosanolide A;niddamycin;nanchangmycin;azalomycin F3a;nystatin A1;monensin;chalcomycin A;niphimycins C-E;piericidin A1;nystatin-like Pseudonocardia polyene;pentamycin;JBIR-100;nigericin;selvamicin;lasalocid;filipin;lasalocid;LL-F28249α"
BGC0000124.1,T1PKS,PKSI,Polyketide,piericidin A1,,HQ840721.1,Unknown,Streptomyces piomogenus,285508,pubmed:22365607,,118,118,120,,2,known_family,"piericidin A1;actinoallolide A;aldgamycin J;aldgamycin K;aldgamycin P;aldgamycin E;10,11-dihydro-8-deoxy-12,13-deepoxy-12,13-dihydrochalcomycin;ebelactone A;ebelactone B;mycinamicin II;griseochelin;spirangien O;FD-891;linfuranone B;linfuranone C;angolamycin;tylactone;nystatin;monensin;oligomycin;pladienolide B;E-837;tylactone;methymycin;rosamicin;salinipyrone A;pacificanone A;piericidin A1;midecamycin;laidlomycin;lasalocid;halstoctacosanolide A;niddamycin;nanchangmycin;azalomycin F3a;nystatin A1;monensin;chalcomycin A;niphimycins C-E;piericidin A1;nystatin-like Pseudonocardia polyene;pentamycin;JBIR-100;nigericin;selvamicin;lasalocid;filipin;lasalocid;LL-F28249α"
BGC0000126.1,T1PKS,PKSI,Polyketide,pladienolide B,,AB435553.1,Unknown,Streptomyces platensis,58346,pubmed:18997414,,120,120,120,,2,known_family,"piericidin A1;actinoallolide A;aldgamycin J;aldgamycin K;aldgamycin P;aldgamycin E;10,11-dihydro-8-deoxy-12,13-deepoxy-12,13-dihydrochalcomycin;ebelactone A;ebelactone B;mycinamicin II;griseochelin;spirangien O;FD-891;linfuranone B;linfuranone C;angolamycin;tylactone;nystatin;monensin;oligomycin;pladienolide B;E-837;tylactone;methymycin;rosamicin;salinipyrone A;pacificanone A;piericidin A1;midecamycin;laidlomycin;lasalocid;halstoctacosanolide A;niddamycin;nanchangmycin;azalomycin F3a;nystatin A1;monensin;chalcomycin A;niphimycins C-E;piericidin A1;nystatin-like Pseudonocardia polyene;pentamycin;JBIR-100;nigericin;selvamicin;lasalocid;filipin;lasalocid;LL-F28249α"
BGC0000149.1,T1PKS,PKSI,Polyketide,spirangien O,,AM407731.1,complete,Sorangium cellulosum,56,pubmed:17317575,Knock-out studies,142,142,120,,2,known_family,"piericidin A1;actinoallolide A;aldgamycin J;aldgamycin K;aldgamycin P;aldgamycin E;10,11-dihydro-8-deoxy-12,13-deepoxy-12,13-dihydrochalcomycin;ebelactone A;ebelactone B;mycinamicin II;griseochelin;spirangien O;FD-891;linfuranone B;linfuranone C;angolamycin;tylactone;nystatin;monensin;oligomycin;pladienolide B;E-837;tylactone;methymycin;rosamicin;salinipyrone A;pacificanone A;piericidin A1;midecamycin;laidlomycin;lasalocid;halstoctacosanolide A;niddamycin;nanchangmycin;azalomycin F3a;nystatin A1;monensin;chalcomycin A;niphimycins C-E;piericidin A1;nystatin-like Pseudonocardia polyene;pentamycin;JBIR-100;nigericin;selvamicin;lasalocid;filipin;lasalocid;LL-F28249α"
BGC0000166.1,T1PKS,PKSI,Polyketide,tylactone,,U78289.1,Unknown,Streptomyces fradiae,1906,pubmed:18693734,,16,158,107,,2,known_family,"piericidin A1;actinoallolide A;aldgamycin J;aldgamycin K;aldgamycin P;aldgamycin E;10,11-dihydro-8-deoxy-12,13-deepoxy-12,13-dihydrochalcomycin;ebelactone A;ebelactone B;mycinamicin II;griseochelin;spirangien O;FD-891;linfuranone B;linfuranone C;angolamycin;tylactone;nystatin;monensin;oligomycin;pladienolide B;E-837;tylactone;methymycin;rosamicin;salinipyrone A;pacificanone A;piericidin A1;midecamycin;laidlomycin;lasalocid;halstoctacosanolide A;niddamycin;nanchangmycin;azalomycin F3a;nystatin A1;monensin;chalcomycin A;niphimycins C-E;piericidin A1;nystatin-like Pseudonocardia polyene;pentamycin;JBIR-100;nigericin;selvamicin;lasalocid;filipin;lasalocid;LL-F28249α"
BGC0000194.1,T2PKS,PKSother,Polyketide,actinorhodin,Antibacterial,AL645882.2,complete,Streptomyces coelicolor A3(2),100226,pubmed:25690356;pubmed:24035284;pubmed:23601640;pubmed:23073761;pubmed:22765902;pubmed:22086671;pubmed:21506596;pubmed:19381365;pubmed:19361520;pubmed:19292437;pubmed:19246012;pubmed:18804114;pubmed:18691223;pubmed:18245777;pubmed:18207163;pubmed:18205400;pubmed:18034463;pubmed:17644591;pubmed:17579485;pubmed:17338074;pubmed:17227452;pubmed:16285746;pubmed:16164554;pubmed:15498668;pubmed:15458634;pubmed:15286722;pubmed:12421300;pubmed:11851466;pubmed:10805574;pubmed:10684659;pubmed:10519556;pubmed:10091691;pubmed:9209048;pubmed:8636024;pubmed:7615536;pubmed:7929165;pubmed:7683365;pubmed:1527048;pubmed:1766437;pubmed:1716725;pubmed:1878971;pubmed:2394677;pubmed:2469622,Knock-out studies;Enzymatic assays;Heterologous expression;Gene expression correlated with compound production;Sequence-based prediction,216,216,217,,3,known_family,erdacin;spore pigment;aranciamycin;curamycin;granaticin;huanglongmycin A;huanglongmycin B;huanglongmycin C;actinorhodin;kinamycin;naphtocyclinone;pradimicin-A;spore pigment;auricin;jadomycin;griseusin;fluostatin;granaticin;rabelomycin;dehydrorabelomycin;fluostatin F;fluostatin G;fluostatin H;frigocyclinone;oviedomycin;BE-7585A;paramagnetoquinone 1;paramagnetoquinone 2;arixanthomycin A;arixanthomycin B;arixanthomycin C;kiamycin;TLN-05220;fluostatins M-Q;BE-24566B;lugdunomycin;setomimycin;mayamycin;julichrome Q3-3;julichrome Q3-5;formicamycins A-M;anthrabenzoxocinone;BE-24566B;zunyimycin A;gilvocarcin V;oviedomycin
BGC0000197.1,T2PKS,PKSother,Polyketide;Saccharide,aranciamycin,Antibacterial;Cytotoxic,DQ915964.1,complete,Streptomyces echinatus,67293,pubmed:17357167;pubmed:5433438;pubmed:1335359;pubmed:5478623;pubmed:1322986;pubmed:16713002;pubmed:18553079,Heterologous expression,187,187,220,,3,known_family,erdacin;spore pigment;aranciamycin;curamycin;granaticin;huanglongmycin A;huanglongmycin B;huanglongmycin C;actinorhodin;kinamycin;naphtocyclinone;pradimicin-A;spore pigment;auricin;jadomycin;griseusin;fluostatin;granaticin;rabelomycin;dehydrorabelomycin;fluostatin F;fluostatin G;fluostatin H;frigocyclinone;oviedomycin;BE-7585A;paramagnetoquinone 1;paramagnetoquinone 2;arixanthomycin A;arixanthomycin B;arixanthomycin C;kiamycin;TLN-05220;fluostatins M-Q;BE-24566B;lugdunomycin;setomimycin;mayamycin;julichrome Q3-3;julichrome Q3-5;formicamycins A-M;anthrabenzoxocinone;BE-24566B;zunyimycin A;gilvocarcin V;oviedomycin
BGC0000200.1,T2PKS,PKSother,Polyketide;Saccharide,arixanthomycin A;arixanthomycin B;arixanthomycin C,Cytotoxic,KF931341.1,complete,uncultured bacterium,77133,pubmed:24730509,Heterologous expression,190,190,1273,,3,known_family,erdacin;spore pigment;aranciamycin;curamycin;granaticin;huanglongmycin A;huanglongmycin B;huanglongmycin C;actinorhodin;kinamycin;naphtocyclinone;pradimicin-A;spore pigment;auricin;jadomycin;griseusin;fluostatin;granaticin;rabelomycin;dehydrorabelomycin;fluostatin F;fluostatin G;fluostatin H;frigocyclinone;oviedomycin;BE-7585A;paramagnetoquinone 1;paramagnetoquinone 2;arixanthomycin A;arixanthomycin B;arixanthomycin C;kiamycin;TLN-05220;fluostatins M-Q;BE-24566B;lugdunomycin;setomimycin;mayamycin;julichrome Q3-3;julichrome Q3-5;formicamycins A-M;anthrabenzoxocinone;BE-24566B;zunyimycin A;gilvocarcin V;oviedomycin
BGC0000201.1,T2PKS,PKSother,Polyketide;Saccharide,auricin,Antibacterial,KJ396772.1,complete,Streptomyces aureofaciens,1894,pubmed:12384301;pubmed:16079347;pubmed:20466770;pubmed:21393365;pubmed:23081778;pubmed:23373695;pubmed:23763439;pubmed:24265028;pubmed:25219533,Knock-out studies,191,220,220,,3,known_family,erdacin;spore pigment;aranciamycin;curamycin;granaticin;huanglongmycin A;huanglongmycin B;huanglongmycin C;actinorhodin;kinamycin;naphtocyclinone;pradimicin-A;spore pigment;auricin;jadomycin;griseusin;fluostatin;granaticin;rabelomycin;dehydrorabelomycin;fluostatin F;fluostatin G;fluostatin H;frigocyclinone;oviedomycin;BE-7585A;paramagnetoquinone 1;paramagnetoquinone 2;arixanthomycin A;arixanthomycin B;arixanthomycin C;kiamycin;TLN-05220;fluostatins M-Q;BE-24566B;lugdunomycin;setomimycin;mayamycin;julichrome Q3-3;julichrome Q3-5;formicamycins A-M;anthrabenzoxocinone;BE-24566B;zunyimycin A;gilvocarcin V;oviedomycin
BGC0000203.1,T2PKS,PKSother,Polyketide,BE-7585A,,HM055942.1,Unknown,Amycolatopsis orientalis subsp. vinearia,797057,pubmed:20443562,,220,220,220,,3,known_family,erdacin;spore pigment;aranciamycin;curamycin;granaticin;huanglongmycin A;huanglongmycin B;huanglongmycin C;actinorhodin;kinamycin;naphtocyclinone;pradimicin-A;spore pigment;auricin;jadomycin;griseusin;fluostatin;granaticin;rabelomycin;dehydrorabelomycin;fluostatin F;fluostatin G;fluostatin H;frigocyclinone;oviedomycin;BE-7585A;paramagnetoquinone 1;paramagnetoquinone 2;arixanthomycin A;arixanthomycin B;arixanthomycin C;kiamycin;TLN-05220;fluostatins M-Q;BE-24566B;lugdunomycin;setomimycin;mayamycin;julichrome Q3-3;julichrome Q3-5;formicamycins A-M;anthrabenzoxocinone;BE-24566B;zunyimycin A;gilvocarcin V;oviedomycin
BGC0000215.1,T2PKS,PKSother,Polyketide,curamycin,,X62518.1,Unknown,Streptomyces cyaneus,1904,pubmed:1644304,,1273,1273,1273,,3,known_family,erdacin;spore pigment;aranciamycin;curamycin;granaticin;huanglongmycin A;huanglongmycin B;huanglongmycin C;actinorhodin;kinamycin;naphtocyclinone;pradimicin-A;spore pigment;auricin;jadomycin;griseusin;fluostatin;granaticin;rabelomycin;dehydrorabelomycin;fluostatin F;fluostatin G;fluostatin H;frigocyclinone;oviedomycin;BE-7585A;paramagnetoquinone 1;paramagnetoquinone 2;arixanthomycin A;arixanthomycin B;arixanthomycin C;kiamycin;TLN-05220;fluostatins M-Q;BE-24566B;lugdunomycin;setomimycin;mayamycin;julichrome Q3-3;julichrome Q3-5;formicamycins A-M;anthrabenzoxocinone;BE-24566B;zunyimycin A;gilvocarcin V;oviedomycin
BGC0000221.1,T2PKS,PKSother,Polyketide,erdacin,,FJ719113.1,Unknown,uncultured soil bacterium V167,684592,pubmed:19621341,,210,210,220,,3,known_family,erdacin;spore pigment;aranciamycin;curamycin;granaticin;huanglongmycin A;huanglongmycin B;huanglongmycin C;actinorhodin;kinamycin;naphtocyclinone;pradimicin-A;spore pigment;auricin;jadomycin;griseusin;fluostatin;granaticin;rabelomycin;dehydrorabelomycin;fluostatin F;fluostatin G;fluostatin H;frigocyclinone;oviedomycin;BE-7585A;paramagnetoquinone 1;paramagnetoquinone 2;arixanthomycin A;arixanthomycin B;arixanthomycin C;kiamycin;TLN-05220;fluostatins M-Q;BE-24566B;lugdunomycin;setomimycin;mayamycin;julichrome Q3-3;julichrome Q3-5;formicamycins A-M;anthrabenzoxocinone;BE-24566B;zunyimycin A;gilvocarcin V;oviedomycin
BGC0000223.1,T2PKS,PKSother,Polyketide,rabelomycin;dehydrorabelomycin;fluostatin F;fluostatin G;fluostatin H,Antibacterial,HM193369.1,complete,uncultured bacterium BAC AB649/1850,1037453,pubmed:20690632,Heterologous expression,220,223,220,,3,known_family,erdacin;spore pigment;aranciamycin;curamycin;granaticin;huanglongmycin A;huanglongmycin B;huanglongmycin C;actinorhodin;kinamycin;naphtocyclinone;pradimicin-A;spore pigment;auricin;jadomycin;griseusin;fluostatin;granaticin;rabelomycin;dehydrorabelomycin;fluostatin F;fluostatin G;fluostatin H;frigocyclinone;oviedomycin;BE-7585A;paramagnetoquinone 1;paramagnetoquinone 2;arixanthomycin A;arixanthomycin B;arixanthomycin C;kiamycin;TLN-05220;fluostatins M-Q;BE-24566B;lugdunomycin;setomimycin;mayamycin;julichrome Q3-3;julichrome Q3-5;formicamycins A-M;anthrabenzoxocinone;BE-24566B;zunyimycin A;gilvocarcin V;oviedomycin
BGC0000226.1,T2PKS,PKSother,Polyketide,gilvocarcin V,,AY233211.2,Unknown,Streptomyces griseoflavus,35619,pubmed:12822997,,215,223,217,,3,known_family,erdacin;spore pigment;aranciamycin;curamycin;granaticin;huanglongmycin A;huanglongmycin B;huanglongmycin C;actinorhodin;kinamycin;naphtocyclinone;pradimicin-A;spore pigment;auricin;jadomycin;griseusin;fluostatin;granaticin;rabelomycin;dehydrorabelomycin;fluostatin F;fluostatin G;fluostatin H;frigocyclinone;oviedomycin;BE-7585A;paramagnetoquinone 1;paramagnetoquinone 2;arixanthomycin A;arixanthomycin B;arixanthomycin C;kiamycin;TLN-05220;fluostatins M-Q;BE-24566B;lugdunomycin;setomimycin;mayamycin;julichrome Q3-3;julichrome Q3-5;formicamycins A-M;anthrabenzoxocinone;BE-24566B;zunyimycin A;gilvocarcin V;oviedomycin
BGC0000227.1,T2PKS,PKSother,Polyketide,granaticin,Antibacterial,AJ011500.1,complete,Streptomyces violaceoruber,1935,pubmed:2583128;pubmed:7476861;pubmed:9831526,Sequence-based prediction,216,216,217,,3,known_family,erdacin;spore pigment;aranciamycin;curamycin;granaticin;huanglongmycin A;huanglongmycin B;huanglongmycin C;actinorhodin;kinamycin;naphtocyclinone;pradimicin-A;spore pigment;auricin;jadomycin;griseusin;fluostatin;granaticin;rabelomycin;dehydrorabelomycin;fluostatin F;fluostatin G;fluostatin H;frigocyclinone;oviedomycin;BE-7585A;paramagnetoquinone 1;paramagnetoquinone 2;arixanthomycin A;arixanthomycin B;arixanthomycin C;kiamycin;TLN-05220;fluostatins M-Q;BE-24566B;lugdunomycin;setomimycin;mayamycin;julichrome Q3-3;julichrome Q3-5;formicamycins A-M;anthrabenzoxocinone;BE-24566B;zunyimycin A;gilvocarcin V;oviedomycin
BGC0000228.1,T2PKS,PKSother,Polyketide,granaticin,,X16300.1,Unknown,Streptomyces violaceoruber,1935,pubmed:2583128,,216,216,217,,3,known_family,erdacin;spore pigment;aranciamycin;curamycin;granaticin;huanglongmycin A;huanglongmycin B;huanglongmycin C;actinorhodin;kinamycin;naphtocyclinone;pradimicin-A;spore pigment;auricin;jadomycin;griseusin;fluostatin;granaticin;rabelomycin;dehydrorabelomycin;fluostatin F;fluostatin G;fluostatin H;frigocyclinone;oviedomycin;BE-7585A;paramagnetoquinone 1;paramagnetoquinone 2;arixanthomycin A;arixanthomycin B;arixanthomycin C;kiamycin;TLN-05220;fluostatins M-Q;BE-24566B;lugdunomycin;setomimycin;mayamycin;julichrome Q3-3;julichrome Q3-5;formicamycins A-M;anthrabenzoxocinone;BE-24566B;zunyimycin A;gilvocarcin V;oviedomycin
BGC0000229.1,T2PKS.oligosaccharide,Others,Polyketide;Saccharide,grincamycin,Cytotoxic,KC962511.1,complete,Streptomyces lusitanus,68232,pubmed:23782455,Knock-out studies,1654,255,1654,36,1,known_family,simocyclinone D8;komodoquinone B;landomycin A;tetarimycin A;tetarimycin B;cosmomycin D;urdamycin;prejadomycin;rabelomycin;gaudimycin C;gaudimycin D;UWM6;gaudimycin A;simocyclinone;saprolmycin E;LL-D49194α1 (LLD);komodoquinone B;Sch-47554;Sch-47555;rhodomycin;saquayamycin A;warkmycin CS1;warkmycin CS2;cytorhodin;cosmomycin C;grincamycin;saquayamycin Z;kanamycin;simocyclinone D8
BGC0000231.1,T2PKS,PKSother,Polyketide,griseusin,,X77865.1,Unknown,Streptomyces griseus,1911,pubmed:8169211,,220,220,220,,3,known_family,erdacin;spore pigment;aranciamycin;curamycin;granaticin;huanglongmycin A;huanglongmycin B;huanglongmycin C;actinorhodin;kinamycin;naphtocyclinone;pradimicin-A;spore pigment;auricin;jadomycin;griseusin;fluostatin;granaticin;rabelomycin;dehydrorabelomycin;fluostatin F;fluostatin G;fluostatin H;frigocyclinone;oviedomycin;BE-7585A;paramagnetoquinone 1;paramagnetoquinone 2;arixanthomycin A;arixanthomycin B;arixanthomycin C;kiamycin;TLN-05220;fluostatins M-Q;BE-24566B;lugdunomycin;setomimycin;mayamycin;julichrome Q3-3;julichrome Q3-5;formicamycins A-M;anthrabenzoxocinone;BE-24566B;zunyimycin A;gilvocarcin V;oviedomycin
BGC0000234.1,T2PKS,PKSother,Polyketide,jadomycin,,AF126429.1,Unknown,Streptomyces venezuelae ATCC 10712,953739,pubmed:7881555,,220,223,1777,,3,known_family,erdacin;spore pigment;aranciamycin;curamycin;granaticin;huanglongmycin A;huanglongmycin B;huanglongmycin C;actinorhodin;kinamycin;naphtocyclinone;pradimicin-A;spore pigment;auricin;jadomycin;griseusin;fluostatin;granaticin;rabelomycin;dehydrorabelomycin;fluostatin F;fluostatin G;fluostatin H;frigocyclinone;oviedomycin;BE-7585A;paramagnetoquinone 1;paramagnetoquinone 2;arixanthomycin A;arixanthomycin B;arixanthomycin C;kiamycin;TLN-05220;fluostatins M-Q;BE-24566B;lugdunomycin;setomimycin;mayamycin;julichrome Q3-3;julichrome Q3-5;formicamycins A-M;anthrabenzoxocinone;BE-24566B;zunyimycin A;gilvocarcin V;oviedomycin
BGC0000235.1,T2PKS,PKSother,Polyketide,kiamycin,,AGSW01000147.1,Unknown,Streptomyces sp. W007,1055352,pubmed:22536997,,220,220,1777,,3,known_family,erdacin;spore pigment;aranciamycin;curamycin;granaticin;huanglongmycin A;huanglongmycin B;huanglongmycin C;actinorhodin;kinamycin;naphtocyclinone;pradimicin-A;spore pigment;auricin;jadomycin;griseusin;fluostatin;granaticin;rabelomycin;dehydrorabelomycin;fluostatin F;fluostatin G;fluostatin H;frigocyclinone;oviedomycin;BE-7585A;paramagnetoquinone 1;paramagnetoquinone 2;arixanthomycin A;arixanthomycin B;arixanthomycin C;kiamycin;TLN-05220;fluostatins M-Q;BE-24566B;lugdunomycin;setomimycin;mayamycin;julichrome Q3-3;julichrome Q3-5;formicamycins A-M;anthrabenzoxocinone;BE-24566B;zunyimycin A;gilvocarcin V;oviedomycin
BGC0000236.1,T2PKS,PKSother,Polyketide,kinamycin,,AY228175.1,Unknown,Streptomyces murayamaensis,224537,pubmed:9531987,,220,220,1777,,3,known_family,erdacin;spore pigment;aranciamycin;curamycin;granaticin;huanglongmycin A;huanglongmycin B;huanglongmycin C;actinorhodin;kinamycin;naphtocyclinone;pradimicin-A;spore pigment;auricin;jadomycin;griseusin;fluostatin;granaticin;rabelomycin;dehydrorabelomycin;fluostatin F;fluostatin G;fluostatin H;frigocyclinone;oviedomycin;BE-7585A;paramagnetoquinone 1;paramagnetoquinone 2;arixanthomycin A;arixanthomycin B;arixanthomycin C;kiamycin;TLN-05220;fluostatins M-Q;BE-24566B;lugdunomycin;setomimycin;mayamycin;julichrome Q3-3;julichrome Q3-5;formicamycins A-M;anthrabenzoxocinone;BE-24566B;zunyimycin A;gilvocarcin V;oviedomycin
BGC0000239.1,T2PKS.oligosaccharide,Others,Polyketide;Saccharide,landomycin A,Antibacterial;Cytotoxic,AF080235.1,incomplete,Streptomyces cyanogenus,80860,pubmed:9933932;pubmed:2358402;pubmed:10397496;pubmed:9621686;pubmed:22454092;pubmed:20583594;pubmed:18537830;pubmed:17786405;pubmed:15123249;pubmed:2358402;pubmed:16283688;pubmed:16039521;pubmed:19352642;pubmed:25581707;pubmed:21513888;pubmed:11755402;pubmed:15977274;pubmed:15515090,Sequence-based prediction,228,228,1022,36,1,known_family,simocyclinone D8;komodoquinone B;landomycin A;tetarimycin A;tetarimycin B;cosmomycin D;urdamycin;prejadomycin;rabelomycin;gaudimycin C;gaudimycin D;UWM6;gaudimycin A;simocyclinone;saprolmycin E;LL-D49194α1 (LLD);komodoquinone B;Sch-47554;Sch-47555;rhodomycin;saquayamycin A;warkmycin CS1;warkmycin CS2;cytorhodin;cosmomycin C;grincamycin;saquayamycin Z;kanamycin;simocyclinone D8
BGC0000248.1,T2PKS,PKSother,Polyketide,naphtocyclinone,,AF098965.1,Unknown,Streptomyces arenae,29301,pubmed:10206788,,237,216,1273,,3,known_family,erdacin;spore pigment;aranciamycin;curamycin;granaticin;huanglongmycin A;huanglongmycin B;huanglongmycin C;actinorhodin;kinamycin;naphtocyclinone;pradimicin-A;spore pigment;auricin;jadomycin;griseusin;fluostatin;granaticin;rabelomycin;dehydrorabelomycin;fluostatin F;fluostatin G;fluostatin H;frigocyclinone;oviedomycin;BE-7585A;paramagnetoquinone 1;paramagnetoquinone 2;arixanthomycin A;arixanthomycin B;arixanthomycin C;kiamycin;TLN-05220;fluostatins M-Q;BE-24566B;lugdunomycin;setomimycin;mayamycin;julichrome Q3-3;julichrome Q3-5;formicamycins A-M;anthrabenzoxocinone;BE-24566B;zunyimycin A;gilvocarcin V;oviedomycin
BGC0000253.1,T2PKS,PKSother,Polyketide,oviedomycin,Cytotoxic,AJ632203.2,complete,Streptomyces antibioticus,1890,pubmed:15368568;pubmed:18988223,Knock-out studies;Heterologous expression;Sequence-based prediction,220,220,1777,,3,known_family,erdacin;spore pigment;aranciamycin;curamycin;granaticin;huanglongmycin A;huanglongmycin B;huanglongmycin C;actinorhodin;kinamycin;naphtocyclinone;pradimicin-A;spore pigment;auricin;jadomycin;griseusin;fluostatin;granaticin;rabelomycin;dehydrorabelomycin;fluostatin F;fluostatin G;fluostatin H;frigocyclinone;oviedomycin;BE-7585A;paramagnetoquinone 1;paramagnetoquinone 2;arixanthomycin A;arixanthomycin B;arixanthomycin C;kiamycin;TLN-05220;fluostatins M-Q;BE-24566B;lugdunomycin;setomimycin;mayamycin;julichrome Q3-3;julichrome Q3-5;formicamycins A-M;anthrabenzoxocinone;BE-24566B;zunyimycin A;gilvocarcin V;oviedomycin
BGC0000256.1,T2PKS,PKSother,Polyketide,pradimicin-A,,EF151801.1,Unknown,Actinomadura hibisca,68565,pubmed:18051306,,243,1273,1273,,3,known_family,erdacin;spore pigment;aranciamycin;curamycin;granaticin;huanglongmycin A;huanglongmycin B;huanglongmycin C;actinorhodin;kinamycin;naphtocyclinone;pradimicin-A;spore pigment;auricin;jadomycin;griseusin;fluostatin;granaticin;rabelomycin;dehydrorabelomycin;fluostatin F;fluostatin G;fluostatin H;frigocyclinone;oviedomycin;BE-7585A;paramagnetoquinone 1;paramagnetoquinone 2;arixanthomycin A;arixanthomycin B;arixanthomycin C;kiamycin;TLN-05220;fluostatins M-Q;BE-24566B;lugdunomycin;setomimycin;mayamycin;julichrome Q3-3;julichrome Q3-5;formicamycins A-M;anthrabenzoxocinone;BE-24566B;zunyimycin A;gilvocarcin V;oviedomycin
BGC0000262.1,butyrolactone.T2PKS.oligosaccharide,Others,Polyketide;Saccharide,prejadomycin;rabelomycin;gaudimycin C;gaudimycin D;UWM6;gaudimycin A,,AY034378.2,complete,Streptomyces sp. PGA64,161235,pubmed:12654660;pubmed:15515887;pubmed:17654627;pubmed:18291320,Enzymatic assays;Heterologous expression;Gene expression correlated with compound production,249,1943,255,36,1,known_family,simocyclinone D8;komodoquinone B;landomycin A;tetarimycin A;tetarimycin B;cosmomycin D;urdamycin;prejadomycin;rabelomycin;gaudimycin C;gaudimycin D;UWM6;gaudimycin A;simocyclinone;saprolmycin E;LL-D49194α1 (LLD);komodoquinone B;Sch-47554;Sch-47555;rhodomycin;saquayamycin A;warkmycin CS1;warkmycin CS2;cytorhodin;cosmomycin C;grincamycin;saquayamycin Z;kanamycin;simocyclinone D8
BGC0000265.1,,Others,Polyketide,rhodomycin,,U10405.2,Unknown,Streptomyces purpurascens,1924,pubmed:8081500;pubmed:775,,252,252,255,36,1,known_family,simocyclinone D8;komodoquinone B;landomycin A;tetarimycin A;tetarimycin B;cosmomycin D;urdamycin;prejadomycin;rabelomycin;gaudimycin C;gaudimycin D;UWM6;gaudimycin A;simocyclinone;saprolmycin E;LL-D49194α1 (LLD);komodoquinone B;Sch-47554;Sch-47555;rhodomycin;saquayamycin A;warkmycin CS1;warkmycin CS2;cytorhodin;cosmomycin C;grincamycin;saquayamycin Z;kanamycin;simocyclinone D8
BGC0000267.1,T2PKS.oligosaccharide,Others,Polyketide;Saccharide,saquayamycin Z,Cytotoxic,FJ670504.1,complete,Micromonospora sp. Tu 6368,428986,pubmed:19384899,Knock-out studies,254,254,1654,36,1,known_family,simocyclinone D8;komodoquinone B;landomycin A;tetarimycin A;tetarimycin B;cosmomycin D;urdamycin;prejadomycin;rabelomycin;gaudimycin C;gaudimycin D;UWM6;gaudimycin A;simocyclinone;saprolmycin E;LL-D49194α1 (LLD);komodoquinone B;Sch-47554;Sch-47555;rhodomycin;saquayamycin A;warkmycin CS1;warkmycin CS2;cytorhodin;cosmomycin C;grincamycin;saquayamycin Z;kanamycin;simocyclinone D8
BGC0000268.1,T2PKS.oligosaccharide,Others,Polyketide,Sch-47554;Sch-47555,,AJ628018.2,Unknown,Streptomyces sp. SCC 2136,264024,pubmed:17085966,,255,255,255,36,1,known_family,simocyclinone D8;komodoquinone B;landomycin A;tetarimycin A;tetarimycin B;cosmomycin D;urdamycin;prejadomycin;rabelomycin;gaudimycin C;gaudimycin D;UWM6;gaudimycin A;simocyclinone;saprolmycin E;LL-D49194α1 (LLD);komodoquinone B;Sch-47554;Sch-47555;rhodomycin;saquayamycin A;warkmycin CS1;warkmycin CS2;cytorhodin;cosmomycin C;grincamycin;saquayamycin Z;kanamycin;simocyclinone D8
BGC0000270.1,aminocoumarin.T2PKS,Others,Polyketide,simocyclinone D8,,AF322256.1,Unknown,Streptomyces antibioticus,1890,pubmed:12115055,,791,791,1022,36,1,known_family,simocyclinone D8;komodoquinone B;landomycin A;tetarimycin A;tetarimycin B;cosmomycin D;urdamycin;prejadomycin;rabelomycin;gaudimycin C;gaudimycin D;UWM6;gaudimycin A;simocyclinone;saprolmycin E;LL-D49194α1 (LLD);komodoquinone B;Sch-47554;Sch-47555;rhodomycin;saquayamycin A;warkmycin CS1;warkmycin CS2;cytorhodin;cosmomycin C;grincamycin;saquayamycin Z;kanamycin;simocyclinone D8
BGC0000271.1,T2PKS,PKSother,Polyketide,spore pigment,,AB070937.1,Unknown,Streptomyces avermitilis,33903,pubmed:11572948,,2420,2163,2420,,3,known_family,erdacin;spore pigment;aranciamycin;curamycin;granaticin;huanglongmycin A;huanglongmycin B;huanglongmycin C;actinorhodin;kinamycin;naphtocyclinone;pradimicin-A;spore pigment;auricin;jadomycin;griseusin;fluostatin;granaticin;rabelomycin;dehydrorabelomycin;fluostatin F;fluostatin G;fluostatin H;frigocyclinone;oviedomycin;BE-7585A;paramagnetoquinone 1;paramagnetoquinone 2;arixanthomycin A;arixanthomycin B;arixanthomycin C;kiamycin;TLN-05220;fluostatins M-Q;BE-24566B;lugdunomycin;setomimycin;mayamycin;julichrome Q3-3;julichrome Q3-5;formicamycins A-M;anthrabenzoxocinone;BE-24566B;zunyimycin A;gilvocarcin V;oviedomycin
BGC0000272.1,T2PKS,PKSother,Polyketide,spore pigment,,AF293354.1,Unknown,Streptomyces collinus,42684,doi:10.7164/antibiotics.54.239,,1411,1411,2256,,3,known_family,erdacin;spore pigment;aranciamycin;curamycin;granaticin;huanglongmycin A;huanglongmycin B;huanglongmycin C;actinorhodin;kinamycin;naphtocyclinone;pradimicin-A;spore pigment;auricin;jadomycin;griseusin;fluostatin;granaticin;rabelomycin;dehydrorabelomycin;fluostatin F;fluostatin G;fluostatin H;frigocyclinone;oviedomycin;BE-7585A;paramagnetoquinone 1;paramagnetoquinone 2;arixanthomycin A;arixanthomycin B;arixanthomycin C;kiamycin;TLN-05220;fluostatins M-Q;BE-24566B;lugdunomycin;setomimycin;mayamycin;julichrome Q3-3;julichrome Q3-5;formicamycins A-M;anthrabenzoxocinone;BE-24566B;zunyimycin A;gilvocarcin V;oviedomycin
BGC0000274.1,phenazine.T2PKS,Others,Polyketide,tetarimycin A;tetarimycin B,Antibacterial,JX843821.1,complete,uncultured bacterium,77133,pubmed:23157252,Heterologous expression,261,261,1732,36,1,known_family,simocyclinone D8;komodoquinone B;landomycin A;tetarimycin A;tetarimycin B;cosmomycin D;urdamycin;prejadomycin;rabelomycin;gaudimycin C;gaudimycin D;UWM6;gaudimycin A;simocyclinone;saprolmycin E;LL-D49194α1 (LLD);komodoquinone B;Sch-47554;Sch-47555;rhodomycin;saquayamycin A;warkmycin CS1;warkmycin CS2;cytorhodin;cosmomycin C;grincamycin;saquayamycin Z;kanamycin;simocyclinone D8
BGC0000277.1,oligosaccharide,Saccharides,Polyketide,urdamycin,,AF164961.1,Unknown,Streptomyces fradiae,1906,pubmed:10658661,,,,,,,,
BGC0000278.1,,Others,Polyketide,urdamycin,,AF269227.1,Unknown,Streptomyces fradiae,1906,pubmed:11094336,,1654,1654,1654,36,1,known_family,simocyclinone D8;komodoquinone B;landomycin A;tetarimycin A;tetarimycin B;cosmomycin D;urdamycin;prejadomycin;rabelomycin;gaudimycin C;gaudimycin D;UWM6;gaudimycin A;simocyclinone;saprolmycin E;LL-D49194α1 (LLD);komodoquinone B;Sch-47554;Sch-47555;rhodomycin;saquayamycin A;warkmycin CS1;warkmycin CS2;cytorhodin;cosmomycin C;grincamycin;saquayamycin Z;kanamycin;simocyclinone D8
BGC0000563.1,lanthipeptide,RiPPs,RiPP,venezuelin,,HQ328852.1,complete,Streptomyces venezuelae ATCC 10712,953739,pubmed:20351769;pubmed:21229987,Enzymatic assays,2399,2399,2399,552,14,known_family,venezuelin
BGC0000582.1,linaridin,RiPPs,RiPP,cypemycin,Antibacterial;Cytotoxic,HQ148718.1,complete,Streptomyces sp. OH-4156,932694,pubmed:20805503;pubmed:22841713;pubmed:7802859,Knock-out studies;Enzymatic assays;Heterologous expression;Gene expression correlated with compound production,552,552,2236,552,51,known_family,cypemycin
BGC0000633.1,terpene,Terpene,Terpene,carotenoid,,AB070934.1,Unknown,Streptomyces avermitilis,33903,pubmed:11572948,,602,602,602,,13,known_family,isorenieratene;isorenieratene;isorenieratene;carotenoid;carotenoid
BGC0000649.1,terpene,Terpene,Terpene,carotenoid,,AF272737.1,Unknown,Streptomyces griseus subsp. griseus NBRC 13350,455632,pubmed:11200234,,633,633,633,,13,known_family,isorenieratene;isorenieratene;isorenieratene;carotenoid;carotenoid
BGC0000652.1,T3PKS.terpene,Others,Terpene,napyradiomycin,,EF397639.1,Unknown,Streptomyces sp. CNQ525,445602,pubmed:17392281,,1029,621,621,36,12,known_family,"furaquinocin B;napyradiomycin A80915C;lomofungin;napyradiomycin;pyocyanine;streptophenazine B;streptophenazine C;streptophenazine F;streptophenazine G;streptophenazine H;merochlorin A;merochlorin B;deschloro-merochlorin A;deschloro-merochlorin B;isochloro-merochlorin B;dichloro-merochlorin B;merochlorin D;merochlorin C;marinophenazine A;phenaziterpene A;endophenazine A;endophenazine B;5-acetyl-5,10-dihydrophenazine-1-carboxylic acid;5-(2-hydroxyacetyl)-5,10-dihydrophenazine-1-carboxylic acid;endophenazine A1;endophenazine F;endophenazine G"
BGC0000658.1,terpene,Terpene,Terpene,2-methylisoborneol,,AP009493.1,Unknown,Streptomyces griseus subsp. griseus NBRC 13350,455632,pubmed:17369815,,627,2253,627,,21,known_family,2-methylisoborneol
BGC0000663.1,terpene,Terpene,Terpene,hopene,,AL645882.2,Unknown,Streptomyces coelicolor A3(2),100226,pubmed:12000953;pubmed:8843436,,632,632,632,,6,known_family,hopene
BGC0000664.1,terpene,Terpene,Terpene,isorenieratene,,AP009493.1,Unknown,Streptomyces griseus subsp. griseus NBRC 13350,455632,pubmed:10395965,,633,633,633,,13,known_family,isorenieratene;isorenieratene;isorenieratene;carotenoid;carotenoid
BGC0000689.1,amglyccycl,Saccharides,Saccharide,2-deoxystreptamine,,AJ575934.3,Unknown,Micromonospora echinospora,1877,pubmed:14757238,,,,,,,,
BGC0000690.1,amglyccycl,Saccharides,Saccharide,hydroxystreptomycin,,AJ006985.1,Unknown,Streptomyces glaucescens,1907,pubmed:8628239,,,,,,,,
BGC0000691.1,amglyccycl,Saccharides,Saccharide,acarbose,,Y18523.4,Unknown,Actinoplanes sp. SE50/110,134676,pubmed:10196166;pubmed:11443082;pubmed:11937512;pubmed:12681481;pubmed:15808935,,,,,,,,
BGC0000692.1,amglyccycl,Saccharides,Saccharide,apramycin,,AJ875019.1,Unknown,Streptoalloteichus hindustanus,2017,doi:10.1002/9780470149676.ch2,,,,,,,,
BGC0000693.1,amglyccycl,Saccharides,Saccharide,butirosin A;butirosin B,,AB097196.1,Unknown,Bacillus circulans,1397,pubmed:11132962;pubmed:16156513,,,,,,,,
BGC0000694.1,amglyccycl,Saccharides,Saccharide,butirosin,,AJ781030.2,Unknown,Bacillus circulans,1397,pubmed:16156513,,,,,,,,
BGC0000696.1,amglyccycl,Saccharides,Saccharide,gentamicin,,AJ628149.4,Unknown,Micromonospora echinospora,1877,pubmed:15376556;pubmed:19362651,,,,,,,,
BGC0000699.1,amglyccycl,Saccharides,Saccharide,hygromycin A,,AJ628642.1,Unknown,Streptomyces hygroscopicus subsp. hygroscopicus,68042,pubmed:19362651;doi:10.1021/ja01544a032;doi:10.1002/9780470149676.ch2,,,,,,,,
BGC0000701.1,amglyccycl,Saccharides,Saccharide,jinggangmycin,,DQ160226.1,Unknown,Streptomyces hygroscopicus subsp. yingchengensis,228732,pubmed:16680521,,,,,,,,
BGC0000702.1,amglyccycl,Saccharides,Saccharide,kanamycin,,AB164642.1,Unknown,Streptomyces kanamyceticus,1967,pubmed:15303497,,,,,,,,
BGC0000704.1,amglyccycl,Saccharides,Saccharide,kanamycin,,AJ582817.3,Unknown,Streptomyces kanamyceticus,1967,pubmed:15313224,,,,,,,,
BGC0000705.1,amglyccycl,Saccharides,Saccharide,kanamycin,,AJ628422.2,Unknown,Streptomyces kanamyceticus,1967,pubmed:19362651;doi:10.1002/9780470149676.ch2,,,,,,,,
BGC0000706.1,,Others,Saccharide,kanamycin,,AB254081.1,Unknown,Streptomyces kanamyceticus,1967,pubmed:16766657,,671,671,2295,36,1,known_family,simocyclinone D8;komodoquinone B;landomycin A;tetarimycin A;tetarimycin B;cosmomycin D;urdamycin;prejadomycin;rabelomycin;gaudimycin C;gaudimycin D;UWM6;gaudimycin A;simocyclinone;saprolmycin E;LL-D49194α1 (LLD);komodoquinone B;Sch-47554;Sch-47555;rhodomycin;saquayamycin A;warkmycin CS1;warkmycin CS2;cytorhodin;cosmomycin C;grincamycin;saquayamycin Z;kanamycin;simocyclinone D8
BGC0000708.1,amglyccycl,Saccharides,Saccharide,lividomycin,,AJ748832.1,Unknown,Streptomyces lividus,282216,pubmed:19362651;doi:10.1002/9780470149676.ch2,,,,,,,,
BGC0000709.1,amglyccycl,Saccharides,Saccharide,neomycin,,AJ629247.1,Unknown,Streptomyces fradiae ATCC 10745 = DSM 40063,1319510,pubmed:19362651;doi:10.1002/9780470149676.ch2,,,,,,,,
BGC0000711.1,amglyccycl,Saccharides,Saccharide,neomycin,,AJ843080.1,Unknown,Streptomyces fradiae,1906,pubmed:15827636,,,,,,,,
BGC0000713.1,amglyccycl,Saccharides,Saccharide,ribostamycin,,AJ748131.1,Unknown,Streptomyces ribosidificus,80859,pubmed:16258246,,,,,,,,
BGC0000714.1,amglyccycl,Saccharides,Saccharide,sisomicin,,FJ160413.1,Unknown,Micromonospora inyonensis,47866,pubmed:19039528,,,,,,,,
BGC0000715.1,amglyccycl,Saccharides,Saccharide,actinospectacin,,EU255259.1,Unknown,Streptomyces spectabilis,68270,pubmed:10650224;pubmed:18663525,,,,,,,,
BGC0000716.1,amglyccycl,Saccharides,Saccharide,spectinomycin,,U70376.2,Unknown,Streptomyces netropsis,55404,pubmed:9245803,,,,,,,,
BGC0000719.1,amglyccycl,Saccharides,Saccharide,tobramycin,,AB103327.1,Unknown,Streptoalloteichus hindustanus,2017,pubmed:16915821,,,,,,,,
BGC0000720.1,amglyccycl,Saccharides,Saccharide,tobramycin,,AJ579650.1,Unknown,Streptoalloteichus tenebrarius,1933,pubmed:14757238,,,,,,,,
BGC0000721.1,amglyccycl,Saccharides,Saccharide,tobramycin,,AJ810851.1,Unknown,Streptoalloteichus tenebrarius,1933,pubmed:19362651;doi:10.1002/9780470149676.ch2,,,,,,,,
BGC0000722.1,amglyccycl,Saccharides,Other;Polyketide,validamycin A,Antifungal,DQ164098.1,complete,Streptomyces hygroscopicus subsp. jinggangensis,311982,pubmed:16632251;pubmed:16151088;pubmed:17335096;pubmed:18563934;pubmed:19477421,Knock-out studies;Enzymatic assays;Heterologous expression;Gene expression correlated with compound production;Sequence-based prediction,,,,,,,
BGC0000723.1,amglyccycl,Saccharides,Saccharide,β-D-galactosylvalidoxylamine-A,,DQ223652.1,Unknown,Streptomyces hygroscopicus subsp. limoneus,264445,pubmed:16725283,,,,,,,,
BGC0000724.1,amglyccycl,Saccharides,Saccharide,streptomycin,,AP009493.1,Unknown,Streptomyces griseus subsp. griseus NBRC 13350,455632,pubmed:18375553;pubmed:18364359;pubmed:18310036,,,,,,,,
BGC0000835.1,aminocoumarin,Others,Polyketide,simocyclinone,,AF321122.1,Unknown,Streptomyces antibioticus,1890,pubmed:12115055,,791,791,1022,36,1,known_family,simocyclinone D8;komodoquinone B;landomycin A;tetarimycin A;tetarimycin B;cosmomycin D;urdamycin;prejadomycin;rabelomycin;gaudimycin C;gaudimycin D;UWM6;gaudimycin A;simocyclinone;saprolmycin E;LL-D49194α1 (LLD);komodoquinone B;Sch-47554;Sch-47555;rhodomycin;saquayamycin A;warkmycin CS1;warkmycin CS2;cytorhodin;cosmomycin C;grincamycin;saquayamycin Z;kanamycin;simocyclinone D8
BGC0000853.1,ectoine,Others,Other,ectoine,,AY524544.1,Unknown,Streptomyces anulatus,1892,pubmed:15128576,,2045,2045,2045,2045,5,known_family,ectoine
BGC0000893.1,NRPS-like,NRPS,NRP,chloramphenicol,Antibacterial,FR845719.1,complete,Streptomyces venezuelae ATCC 10712,953739,pubmed:11577160;pubmed:25267678;pubmed:20876130;pubmed:15184904;pubmed:20713732;pubmed:24347692;pubmed:19255478;pubmed:14702400,Knock-out studies;Enzymatic assays;Heterologous expression;Gene expression correlated with compound production;Sequence-based prediction,1917,1917,1917,2175,29,known_family,chloramphenicol
BGC0000912.1,melanin,Others,Other,melanin,,AP009493.1,Unknown,Streptomyces griseus subsp. griseus NBRC 13350,455632,pubmed:18375553;pubmed:18364359;pubmed:18310036,,867,867,2383,36,8,known_family,melanin
BGC0000934.1,phenazine.T3PKS,Others,Other,"5-acetyl-5,10-dihydrophenazine-1-carboxylic acid;5-(2-hydroxyacetyl)-5,10-dihydrophenazine-1-carboxylic acid;endophenazine A1;endophenazine F;endophenazine G",Antibacterial;Antifungal,KJ207079.1,complete,Kitasatospora sp. HKI 714,1485014,pubmed:24617951;pubmed:17103476;pubmed:17474781;pubmed:17543953,Sequence-based prediction,887,887,887,36,12,known_family,"furaquinocin B;napyradiomycin A80915C;lomofungin;napyradiomycin;pyocyanine;streptophenazine B;streptophenazine C;streptophenazine F;streptophenazine G;streptophenazine H;merochlorin A;merochlorin B;deschloro-merochlorin A;deschloro-merochlorin B;isochloro-merochlorin B;dichloro-merochlorin B;merochlorin D;merochlorin C;marinophenazine A;phenaziterpene A;endophenazine A;endophenazine B;5-acetyl-5,10-dihydrophenazine-1-carboxylic acid;5-(2-hydroxyacetyl)-5,10-dihydrophenazine-1-carboxylic acid;endophenazine A1;endophenazine F;endophenazine G"
BGC0000936.1,phenazine,Others,Other,pyocyanine,,AF005404.2,Unknown,Pseudomonas aeruginosa PAO1,208964,pubmed:11591691,,889,889,1882,36,12,known_family,"furaquinocin B;napyradiomycin A80915C;lomofungin;napyradiomycin;pyocyanine;streptophenazine B;streptophenazine C;streptophenazine F;streptophenazine G;streptophenazine H;merochlorin A;merochlorin B;deschloro-merochlorin A;deschloro-merochlorin B;isochloro-merochlorin B;dichloro-merochlorin B;merochlorin D;merochlorin C;marinophenazine A;phenaziterpene A;endophenazine A;endophenazine B;5-acetyl-5,10-dihydrophenazine-1-carboxylic acid;5-(2-hydroxyacetyl)-5,10-dihydrophenazine-1-carboxylic acid;endophenazine A1;endophenazine F;endophenazine G"
BGC0000940.1,siderophore,Others,Other,desferrioxamin B;desferrioxamine E,Siderophore,AL645882.2,complete,Streptomyces coelicolor A3(2),100226,pubmed:15600304;pubmed:17074905;pubmed:17704771;pubmed:21342472,Knock-out studies;Enzymatic assays;Sequence-based prediction,1919,1919,1919,1919,4,known_family,desferrioxamin B;desferrioxamine E;desferrioxamine;desferrioxamine E;desferrioxamin B;desferrioxamine E
BGC0000941.1,siderophore,Others,Other,desferrioxamin B,,AP009493.1,Unknown,Streptomyces griseus subsp. griseus NBRC 13350,455632,pubmed:18375553;pubmed:18364359;pubmed:18310036,,1919,1919,1919,1919,4,known_family,desferrioxamin B;desferrioxamine E;desferrioxamine;desferrioxamine E;desferrioxamin B;desferrioxamine E
BGC0000996.1,NRPS.T1PKS,PKS-NRP_Hybrids,NRP;Polyketide,frontalamide B,Antifungal,GG657742.1,incomplete,Streptomyces sp. SPB78,591157,pubmed:20547882,Knock-out studies;Sequence-based prediction,946,949,949,,27,known_family,frontalamide B;clifednamide A;SGR PTMs;heat-stable antifungal factor;pactamides
BGC0000999.1,NRPS.T1PKS,PKS-NRP_Hybrids,NRP;Polyketide,heat-stable antifungal factor,,EF028635.2,Unknown,Lysobacter enzymogenes,69,pubmed:17074795,,949,949,949,,27,known_family,frontalamide B;clifednamide A;SGR PTMs;heat-stable antifungal factor;pactamides
BGC0001043.1,NRPS.T1PKS,PKS-NRP_Hybrids,NRP;Polyketide,SGR PTMs,,AP009493.1,Unknown,Streptomyces griseus subsp. griseus NBRC 13350,455632,pubmed:24305602,,993,949,949,,27,known_family,frontalamide B;clifednamide A;SGR PTMs;heat-stable antifungal factor;pactamides
BGC0001062.1,T2PKS.T1PKS.PKS-like,PKSother,Polyketide,TLN-05220,,FJ915123.1,Unknown,Micromonospora echinospora subsp. challisensis,704114,pubmed:19680283,,1012,1012,1273,,3,known_family,erdacin;spore pigment;aranciamycin;curamycin;granaticin;huanglongmycin A;huanglongmycin B;huanglongmycin C;actinorhodin;kinamycin;naphtocyclinone;pradimicin-A;spore pigment;auricin;jadomycin;griseusin;fluostatin;granaticin;rabelomycin;dehydrorabelomycin;fluostatin F;fluostatin G;fluostatin H;frigocyclinone;oviedomycin;BE-7585A;paramagnetoquinone 1;paramagnetoquinone 2;arixanthomycin A;arixanthomycin B;arixanthomycin C;kiamycin;TLN-05220;fluostatins M-Q;BE-24566B;lugdunomycin;setomimycin;mayamycin;julichrome Q3-3;julichrome Q3-5;formicamycins A-M;anthrabenzoxocinone;BE-24566B;zunyimycin A;gilvocarcin V;oviedomycin
BGC0001072.1,ladderane.aminocoumarin.T2PKS.T1PKS,Others,Polyketide;Saccharide;Other,simocyclinone D8,Antibacterial;Cytotoxic,AF324838.2,complete,Streptomyces antibioticus,1890,pubmed:24594357;pubmed:22867097;pubmed:22214346;pubmed:21890635;pubmed:21835774;pubmed:15728908;pubmed:12115055;pubmed:12014451;pubmed:12014446;pubmed:11959542;pubmed:11780784;pubmed:21354180;pubmed:21890635;pubmed:21835774;pubmed:19460097;pubmed:19965760;pubmed:19858260;pubmed:19652356;pubmed:19273673;pubmed:19132295;pubmed:15812631;pubmed:11079799;pubmed:15779922;pubmed:25861759,Knock-out studies;Sequence-based prediction,791,791,1022,36,1,known_family,simocyclinone D8;komodoquinone B;landomycin A;tetarimycin A;tetarimycin B;cosmomycin D;urdamycin;prejadomycin;rabelomycin;gaudimycin C;gaudimycin D;UWM6;gaudimycin A;simocyclinone;saprolmycin E;LL-D49194α1 (LLD);komodoquinone B;Sch-47554;Sch-47555;rhodomycin;saquayamycin A;warkmycin CS1;warkmycin CS2;cytorhodin;cosmomycin C;grincamycin;saquayamycin Z;kanamycin;simocyclinone D8
BGC0001074.1,PKS-like.T2PKS.oligosaccharide,Others,Saccharide;Polyketide,cosmomycin D,,JJOH01000002.1,Unknown,Streptomyces olindensis,358823,pubmed:24970824,,1456,1466,1466,36,1,known_family,simocyclinone D8;komodoquinone B;landomycin A;tetarimycin A;tetarimycin B;cosmomycin D;urdamycin;prejadomycin;rabelomycin;gaudimycin C;gaudimycin D;UWM6;gaudimycin A;simocyclinone;saprolmycin E;LL-D49194α1 (LLD);komodoquinone B;Sch-47554;Sch-47555;rhodomycin;saquayamycin A;warkmycin CS1;warkmycin CS2;cytorhodin;cosmomycin C;grincamycin;saquayamycin Z;kanamycin;simocyclinone D8
BGC0001078.1,T3PKS.terpene,Others,Terpene;Polyketide,furaquinocin B,,AB212624.1,Unknown,Streptomyces sp. KO-3988,285219,pubmed:16452404,,887,887,887,36,12,known_family,"furaquinocin B;napyradiomycin A80915C;lomofungin;napyradiomycin;pyocyanine;streptophenazine B;streptophenazine C;streptophenazine F;streptophenazine G;streptophenazine H;merochlorin A;merochlorin B;deschloro-merochlorin A;deschloro-merochlorin B;isochloro-merochlorin B;dichloro-merochlorin B;merochlorin D;merochlorin C;marinophenazine A;phenaziterpene A;endophenazine A;endophenazine B;5-acetyl-5,10-dihydrophenazine-1-carboxylic acid;5-(2-hydroxyacetyl)-5,10-dihydrophenazine-1-carboxylic acid;endophenazine A1;endophenazine F;endophenazine G"
BGC0001079.1,T3PKS.terpene,Others,Polyketide;Terpene,napyradiomycin A80915C,Antibacterial,EF397638.1,complete,Streptomyces aculeolatus,270689,pubmed:17392281;pubmed:21384874,Enzymatic assays;Heterologous expression,1029,621,621,36,12,known_family,"furaquinocin B;napyradiomycin A80915C;lomofungin;napyradiomycin;pyocyanine;streptophenazine B;streptophenazine C;streptophenazine F;streptophenazine G;streptophenazine H;merochlorin A;merochlorin B;deschloro-merochlorin A;deschloro-merochlorin B;isochloro-merochlorin B;dichloro-merochlorin B;merochlorin D;merochlorin C;marinophenazine A;phenaziterpene A;endophenazine A;endophenazine B;5-acetyl-5,10-dihydrophenazine-1-carboxylic acid;5-(2-hydroxyacetyl)-5,10-dihydrophenazine-1-carboxylic acid;endophenazine A1;endophenazine F;endophenazine G"
BGC0001080.1,phenazine.T3PKS,Others,Other,endophenazine A;endophenazine B,Antibacterial;Antifungal,FN178498.1,complete,Streptomyces anulatus,1892,pubmed:22509222;pubmed:19339241;pubmed:12458769;pubmed:12458768,Knock-out studies;Enzymatic assays;Heterologous expression;Sequence-based prediction,887,887,887,36,12,known_family,"furaquinocin B;napyradiomycin A80915C;lomofungin;napyradiomycin;pyocyanine;streptophenazine B;streptophenazine C;streptophenazine F;streptophenazine G;streptophenazine H;merochlorin A;merochlorin B;deschloro-merochlorin A;deschloro-merochlorin B;isochloro-merochlorin B;dichloro-merochlorin B;merochlorin D;merochlorin C;marinophenazine A;phenaziterpene A;endophenazine A;endophenazine B;5-acetyl-5,10-dihydrophenazine-1-carboxylic acid;5-(2-hydroxyacetyl)-5,10-dihydrophenazine-1-carboxylic acid;endophenazine A1;endophenazine F;endophenazine G"
BGC0001083.1,T3PKS.NRPS.terpene.butyrolactone,Others,Polyketide;Terpene,merochlorin A;merochlorin B;deschloro-merochlorin A;deschloro-merochlorin B;isochloro-merochlorin B;dichloro-merochlorin B;merochlorin D;merochlorin C,Antibacterial,JX186999.1,complete,Streptomyces sp. CNH189,1136432,pubmed:22784372,Knock-out studies;Enzymatic assays;Heterologous expression,1032,887,887,36,12,known_family,"furaquinocin B;napyradiomycin A80915C;lomofungin;napyradiomycin;pyocyanine;streptophenazine B;streptophenazine C;streptophenazine F;streptophenazine G;streptophenazine H;merochlorin A;merochlorin B;deschloro-merochlorin A;deschloro-merochlorin B;isochloro-merochlorin B;dichloro-merochlorin B;merochlorin D;merochlorin C;marinophenazine A;phenaziterpene A;endophenazine A;endophenazine B;5-acetyl-5,10-dihydrophenazine-1-carboxylic acid;5-(2-hydroxyacetyl)-5,10-dihydrophenazine-1-carboxylic acid;endophenazine A1;endophenazine F;endophenazine G"
BGC0001169.1,T1PKS,PKSI,Polyketide,piericidin A1,,KF874660.1,complete,Streptomyces sp. SCSIO 03032,1109743,pubmed:24409990,Knock-out studies;Enzymatic assays;Sequence-based prediction,1108,1108,107,,2,known_family,"piericidin A1;actinoallolide A;aldgamycin J;aldgamycin K;aldgamycin P;aldgamycin E;10,11-dihydro-8-deoxy-12,13-deepoxy-12,13-dihydrochalcomycin;ebelactone A;ebelactone B;mycinamicin II;griseochelin;spirangien O;FD-891;linfuranone B;linfuranone C;angolamycin;tylactone;nystatin;monensin;oligomycin;pladienolide B;E-837;tylactone;methymycin;rosamicin;salinipyrone A;pacificanone A;piericidin A1;midecamycin;laidlomycin;lasalocid;halstoctacosanolide A;niddamycin;nanchangmycin;azalomycin F3a;nystatin A1;monensin;chalcomycin A;niphimycins C-E;piericidin A1;nystatin-like Pseudonocardia polyene;pentamycin;JBIR-100;nigericin;selvamicin;lasalocid;filipin;lasalocid;LL-F28249α"
BGC0001221.1,phenazine,Others,Other,marinophenazine A;phenaziterpene A,Cytotoxic,KJ451627.1,complete,Streptomyces sp. CNQ-509,444103,pubmed:25224759;pubmed:26319318,Sequence-based prediction;Enzymatic assays,1156,1156,1882,36,12,known_family,"furaquinocin B;napyradiomycin A80915C;lomofungin;napyradiomycin;pyocyanine;streptophenazine B;streptophenazine C;streptophenazine F;streptophenazine G;streptophenazine H;merochlorin A;merochlorin B;deschloro-merochlorin A;deschloro-merochlorin B;isochloro-merochlorin B;dichloro-merochlorin B;merochlorin D;merochlorin C;marinophenazine A;phenaziterpene A;endophenazine A;endophenazine B;5-acetyl-5,10-dihydrophenazine-1-carboxylic acid;5-(2-hydroxyacetyl)-5,10-dihydrophenazine-1-carboxylic acid;endophenazine A1;endophenazine F;endophenazine G"
BGC0001227.1,terpene,Terpene,Terpene,isorenieratene,,CP006259.1,Unknown,Streptomyces collinus Tu 365,1214242,pubmed:26433383,,1161,633,633,,13,known_family,isorenieratene;isorenieratene;isorenieratene;carotenoid;carotenoid
BGC0001302.1,phenazine,Others,Other,lomofungin,,KP721214.1,Unknown,Streptomyces lomondensis,68229,pubmed:26305803,,1221,1221,1882,36,12,known_family,"furaquinocin B;napyradiomycin A80915C;lomofungin;napyradiomycin;pyocyanine;streptophenazine B;streptophenazine C;streptophenazine F;streptophenazine G;streptophenazine H;merochlorin A;merochlorin B;deschloro-merochlorin A;deschloro-merochlorin B;isochloro-merochlorin B;dichloro-merochlorin B;merochlorin D;merochlorin C;marinophenazine A;phenaziterpene A;endophenazine A;endophenazine B;5-acetyl-5,10-dihydrophenazine-1-carboxylic acid;5-(2-hydroxyacetyl)-5,10-dihydrophenazine-1-carboxylic acid;endophenazine A1;endophenazine F;endophenazine G"
BGC0001348.1,T1PKS,PKSI,Polyketide,JBIR-100,Antibacterial;Antifungal;Cytotoxic,NZ_JOBF01000033.1,complete,Streptomyces varsoviensis,67373,pubmed:27234886;pubmed:20808316,Sequence-based prediction,1261,1261,120,,2,known_family,"piericidin A1;actinoallolide A;aldgamycin J;aldgamycin K;aldgamycin P;aldgamycin E;10,11-dihydro-8-deoxy-12,13-deepoxy-12,13-dihydrochalcomycin;ebelactone A;ebelactone B;mycinamicin II;griseochelin;spirangien O;FD-891;linfuranone B;linfuranone C;angolamycin;tylactone;nystatin;monensin;oligomycin;pladienolide B;E-837;tylactone;methymycin;rosamicin;salinipyrone A;pacificanone A;piericidin A1;midecamycin;laidlomycin;lasalocid;halstoctacosanolide A;niddamycin;nanchangmycin;azalomycin F3a;nystatin A1;monensin;chalcomycin A;niphimycins C-E;piericidin A1;nystatin-like Pseudonocardia polyene;pentamycin;JBIR-100;nigericin;selvamicin;lasalocid;filipin;lasalocid;LL-F28249α"
BGC0001366.1,T2PKS,PKSother,Polyketide,BE-24566B;zunyimycin A,,KU243130.1,Unknown,Streptomyces sp. FJS31-2,1840610,pubmed:27248985,,1273,1273,1273,,3,known_family,erdacin;spore pigment;aranciamycin;curamycin;granaticin;huanglongmycin A;huanglongmycin B;huanglongmycin C;actinorhodin;kinamycin;naphtocyclinone;pradimicin-A;spore pigment;auricin;jadomycin;griseusin;fluostatin;granaticin;rabelomycin;dehydrorabelomycin;fluostatin F;fluostatin G;fluostatin H;frigocyclinone;oviedomycin;BE-7585A;paramagnetoquinone 1;paramagnetoquinone 2;arixanthomycin A;arixanthomycin B;arixanthomycin C;kiamycin;TLN-05220;fluostatins M-Q;BE-24566B;lugdunomycin;setomimycin;mayamycin;julichrome Q3-3;julichrome Q3-5;formicamycins A-M;anthrabenzoxocinone;BE-24566B;zunyimycin A;gilvocarcin V;oviedomycin
BGC0001384.1,T2PKS.oligosaccharide,Others,Polyketide,saprolmycin E,,LC131463.1,Unknown,Streptomyces sp. TK08046,1112731,pubmed:27316537,,1654,1654,1654,36,1,known_family,simocyclinone D8;komodoquinone B;landomycin A;tetarimycin A;tetarimycin B;cosmomycin D;urdamycin;prejadomycin;rabelomycin;gaudimycin C;gaudimycin D;UWM6;gaudimycin A;simocyclinone;saprolmycin E;LL-D49194α1 (LLD);komodoquinone B;Sch-47554;Sch-47555;rhodomycin;saquayamycin A;warkmycin CS1;warkmycin CS2;cytorhodin;cosmomycin C;grincamycin;saquayamycin Z;kanamycin;simocyclinone D8
BGC0001396.1,T1PKS,PKSI,Polyketide,aldgamycin J;aldgamycin K;aldgamycin P;aldgamycin E,,KU568466.1,Unknown,Streptomyces sp. A1(2016),1846204,pubmed:27191535,,45,45,45,,2,known_family,"piericidin A1;actinoallolide A;aldgamycin J;aldgamycin K;aldgamycin P;aldgamycin E;10,11-dihydro-8-deoxy-12,13-deepoxy-12,13-dihydrochalcomycin;ebelactone A;ebelactone B;mycinamicin II;griseochelin;spirangien O;FD-891;linfuranone B;linfuranone C;angolamycin;tylactone;nystatin;monensin;oligomycin;pladienolide B;E-837;tylactone;methymycin;rosamicin;salinipyrone A;pacificanone A;piericidin A1;midecamycin;laidlomycin;lasalocid;halstoctacosanolide A;niddamycin;nanchangmycin;azalomycin F3a;nystatin A1;monensin;chalcomycin A;niphimycins C-E;piericidin A1;nystatin-like Pseudonocardia polyene;pentamycin;JBIR-100;nigericin;selvamicin;lasalocid;filipin;lasalocid;LL-F28249α"
BGC0001438.1,T2PKS.oligosaccharide,Others,Polyketide;Saccharide,warkmycin CS1;warkmycin CS2,,KZ195572.1,complete,Streptomyces sp. CS057,1982764,pubmed:23860362,Gene expression correlated with compound production;Sequence-based prediction,1341,255,1654,36,1,known_family,simocyclinone D8;komodoquinone B;landomycin A;tetarimycin A;tetarimycin B;cosmomycin D;urdamycin;prejadomycin;rabelomycin;gaudimycin C;gaudimycin D;UWM6;gaudimycin A;simocyclinone;saprolmycin E;LL-D49194α1 (LLD);komodoquinone B;Sch-47554;Sch-47555;rhodomycin;saquayamycin A;warkmycin CS1;warkmycin CS2;cytorhodin;cosmomycin C;grincamycin;saquayamycin Z;kanamycin;simocyclinone D8
BGC0001453.1,siderophore,Others,Other,desferrioxamine,,LT989883.1,Unknown,Streptomyces argillaceus,41951,pubmed:29795673,,2010,2010,2010,2010,4,known_family,desferrioxamin B;desferrioxamine E;desferrioxamine;desferrioxamine E;desferrioxamin B;desferrioxamine E
BGC0001456.1,terpene,Terpene,Terpene,isorenieratene,,LT989886.1,Unknown,Streptomyces argillaceus,41951,pubmed:29795673,,1161,633,633,,13,known_family,isorenieratene;isorenieratene;isorenieratene;carotenoid;carotenoid
BGC0001478.1,siderophore,Others,Other,desferrioxamine E,Siderophore,MG459167.1,complete,Streptomyces sp. ID38640,1265399,doi:10.1016/j.chembiol.2018.02.00,Sequence-based prediction,1919,1919,1919,1919,4,known_family,desferrioxamin B;desferrioxamine E;desferrioxamine;desferrioxamine E;desferrioxamin B;desferrioxamine E
BGC0001495.1,T1PKS,PKSI,Polyketide,actinoallolide A,,LC326402.1,Unknown,Actinoallomurus fulvus,478108,pubmed:29679043,,1393,1393,120,,2,known_family,"piericidin A1;actinoallolide A;aldgamycin J;aldgamycin K;aldgamycin P;aldgamycin E;10,11-dihydro-8-deoxy-12,13-deepoxy-12,13-dihydrochalcomycin;ebelactone A;ebelactone B;mycinamicin II;griseochelin;spirangien O;FD-891;linfuranone B;linfuranone C;angolamycin;tylactone;nystatin;monensin;oligomycin;pladienolide B;E-837;tylactone;methymycin;rosamicin;salinipyrone A;pacificanone A;piericidin A1;midecamycin;laidlomycin;lasalocid;halstoctacosanolide A;niddamycin;nanchangmycin;azalomycin F3a;nystatin A1;monensin;chalcomycin A;niphimycins C-E;piericidin A1;nystatin-like Pseudonocardia polyene;pentamycin;JBIR-100;nigericin;selvamicin;lasalocid;filipin;lasalocid;LL-F28249α"
BGC0001512.1,T2PKS,PKSother,Polyketide,BE-24566B,,KY964612.1,Unknown,Streptomyces sp.,1931,pubmed:29227089,,1273,1273,1273,,3,known_family,erdacin;spore pigment;aranciamycin;curamycin;granaticin;huanglongmycin A;huanglongmycin B;huanglongmycin C;actinorhodin;kinamycin;naphtocyclinone;pradimicin-A;spore pigment;auricin;jadomycin;griseusin;fluostatin;granaticin;rabelomycin;dehydrorabelomycin;fluostatin F;fluostatin G;fluostatin H;frigocyclinone;oviedomycin;BE-7585A;paramagnetoquinone 1;paramagnetoquinone 2;arixanthomycin A;arixanthomycin B;arixanthomycin C;kiamycin;TLN-05220;fluostatins M-Q;BE-24566B;lugdunomycin;setomimycin;mayamycin;julichrome Q3-3;julichrome Q3-5;formicamycins A-M;anthrabenzoxocinone;BE-24566B;zunyimycin A;gilvocarcin V;oviedomycin
BGC0001513.1,T2PKS,PKSother,Polyketide,anthrabenzoxocinone,,KY978480.1,Unknown,Actinobacteria bacterium,1883427,pubmed:29227089,,1411,1411,1273,,3,known_family,erdacin;spore pigment;aranciamycin;curamycin;granaticin;huanglongmycin A;huanglongmycin B;huanglongmycin C;actinorhodin;kinamycin;naphtocyclinone;pradimicin-A;spore pigment;auricin;jadomycin;griseusin;fluostatin;granaticin;rabelomycin;dehydrorabelomycin;fluostatin F;fluostatin G;fluostatin H;frigocyclinone;oviedomycin;BE-7585A;paramagnetoquinone 1;paramagnetoquinone 2;arixanthomycin A;arixanthomycin B;arixanthomycin C;kiamycin;TLN-05220;fluostatins M-Q;BE-24566B;lugdunomycin;setomimycin;mayamycin;julichrome Q3-3;julichrome Q3-5;formicamycins A-M;anthrabenzoxocinone;BE-24566B;zunyimycin A;gilvocarcin V;oviedomycin
BGC0001523.1,T1PKS,PKSI,Polyketide,azalomycin F3a,,KY484834.1,Unknown,Streptomyces sp. 211726,686293,pubmed:28418225,,1588,1588,1658,,2,known_family,"piericidin A1;actinoallolide A;aldgamycin J;aldgamycin K;aldgamycin P;aldgamycin E;10,11-dihydro-8-deoxy-12,13-deepoxy-12,13-dihydrochalcomycin;ebelactone A;ebelactone B;mycinamicin II;griseochelin;spirangien O;FD-891;linfuranone B;linfuranone C;angolamycin;tylactone;nystatin;monensin;oligomycin;pladienolide B;E-837;tylactone;methymycin;rosamicin;salinipyrone A;pacificanone A;piericidin A1;midecamycin;laidlomycin;lasalocid;halstoctacosanolide A;niddamycin;nanchangmycin;azalomycin F3a;nystatin A1;monensin;chalcomycin A;niphimycins C-E;piericidin A1;nystatin-like Pseudonocardia polyene;pentamycin;JBIR-100;nigericin;selvamicin;lasalocid;filipin;lasalocid;LL-F28249α"
BGC0001535.1,,Others,Other,branched-chain fatty acids,,MG324008.1,Unknown,Streptomyces filamentosus,67294,pubmed:29411202,,1433,1433,2070,36,48,known_family,branched-chain fatty acids
BGC0001553.1,NRPS.T1PKS,PKS-NRP_Hybrids,NRP;Polyketide,clifednamide A,,MF893273.1,Unknown,Streptomyces sp. JV178,858632,pubmed:29249153,,1451,1451,949,,27,known_family,frontalamide B;clifednamide A;SGR PTMs;heat-stable antifungal factor;pactamides
BGC0001558.1,PKS-like.T2PKS.oligosaccharide,Others,Polyketide,cosmomycin C,,NZ_KB898282.1,Unknown,Streptomyces sp. CNT302,1169155,pubmed:28333450,,1456,1466,1466,36,1,known_family,simocyclinone D8;komodoquinone B;landomycin A;tetarimycin A;tetarimycin B;cosmomycin D;urdamycin;prejadomycin;rabelomycin;gaudimycin C;gaudimycin D;UWM6;gaudimycin A;simocyclinone;saprolmycin E;LL-D49194α1 (LLD);komodoquinone B;Sch-47554;Sch-47555;rhodomycin;saquayamycin A;warkmycin CS1;warkmycin CS2;cytorhodin;cosmomycin C;grincamycin;saquayamycin Z;kanamycin;simocyclinone D8
BGC0001568.1,PKS-like.T2PKS.oligosaccharide,Others,Polyketide,cytorhodin,,MF773975.1,Unknown,Streptomyces sp. SCSIO 1666,861528,pubmed:28971684,,1456,1466,1466,36,1,known_family,simocyclinone D8;komodoquinone B;landomycin A;tetarimycin A;tetarimycin B;cosmomycin D;urdamycin;prejadomycin;rabelomycin;gaudimycin C;gaudimycin D;UWM6;gaudimycin A;simocyclinone;saprolmycin E;LL-D49194α1 (LLD);komodoquinone B;Sch-47554;Sch-47555;rhodomycin;saquayamycin A;warkmycin CS1;warkmycin CS2;cytorhodin;cosmomycin C;grincamycin;saquayamycin Z;kanamycin;simocyclinone D8
BGC0001572.1,siderophore,Others,Other,desferrioxamine E,,MH015039.1,Unknown,Pantoea agglomerans,549,pubmed:15600304;pubmed:21814817,,1470,1470,2010,36,4,known_family,desferrioxamin B;desferrioxamine E;desferrioxamine;desferrioxamine E;desferrioxamin B;desferrioxamine E
BGC0001590.1,T2PKS,PKSother,Polyketide,formicamycins A-M,,KX859301.1,Unknown,Streptomyces sp. KY5,1958824,pubmed:28507698,,1486,1273,1273,,3,known_family,erdacin;spore pigment;aranciamycin;curamycin;granaticin;huanglongmycin A;huanglongmycin B;huanglongmycin C;actinorhodin;kinamycin;naphtocyclinone;pradimicin-A;spore pigment;auricin;jadomycin;griseusin;fluostatin;granaticin;rabelomycin;dehydrorabelomycin;fluostatin F;fluostatin G;fluostatin H;frigocyclinone;oviedomycin;BE-7585A;paramagnetoquinone 1;paramagnetoquinone 2;arixanthomycin A;arixanthomycin B;arixanthomycin C;kiamycin;TLN-05220;fluostatins M-Q;BE-24566B;lugdunomycin;setomimycin;mayamycin;julichrome Q3-3;julichrome Q3-5;formicamycins A-M;anthrabenzoxocinone;BE-24566B;zunyimycin A;gilvocarcin V;oviedomycin
BGC0001596.1,T2PKS,PKSother,Polyketide,fluostatins M-Q,,NZ_CP010519.1,Unknown,Streptomyces albus,1888,pubmed:29522466,,220,220,220,,3,known_family,erdacin;spore pigment;aranciamycin;curamycin;granaticin;huanglongmycin A;huanglongmycin B;huanglongmycin C;actinorhodin;kinamycin;naphtocyclinone;pradimicin-A;spore pigment;auricin;jadomycin;griseusin;fluostatin;granaticin;rabelomycin;dehydrorabelomycin;fluostatin F;fluostatin G;fluostatin H;frigocyclinone;oviedomycin;BE-7585A;paramagnetoquinone 1;paramagnetoquinone 2;arixanthomycin A;arixanthomycin B;arixanthomycin C;kiamycin;TLN-05220;fluostatins M-Q;BE-24566B;lugdunomycin;setomimycin;mayamycin;julichrome Q3-3;julichrome Q3-5;formicamycins A-M;anthrabenzoxocinone;BE-24566B;zunyimycin A;gilvocarcin V;oviedomycin
BGC0001603.1,amglyccycl,Saccharides,Saccharide,gentamicin,,KY971520.1,Unknown,Micromonospora echinospora,1877,pubmed:25641167,,,,,,,,
BGC0001648.1,T1PKS,PKSI,Polyketide,lasalocid,,KT591188.1,Unknown,Streptomyces sp.,1931,pubmed:19129623;pubmed:19025863;pubmed:18710235,,1540,1540,83,,2,known_family,"piericidin A1;actinoallolide A;aldgamycin J;aldgamycin K;aldgamycin P;aldgamycin E;10,11-dihydro-8-deoxy-12,13-deepoxy-12,13-dihydrochalcomycin;ebelactone A;ebelactone B;mycinamicin II;griseochelin;spirangien O;FD-891;linfuranone B;linfuranone C;angolamycin;tylactone;nystatin;monensin;oligomycin;pladienolide B;E-837;tylactone;methymycin;rosamicin;salinipyrone A;pacificanone A;piericidin A1;midecamycin;laidlomycin;lasalocid;halstoctacosanolide A;niddamycin;nanchangmycin;azalomycin F3a;nystatin A1;monensin;chalcomycin A;niphimycins C-E;piericidin A1;nystatin-like Pseudonocardia polyene;pentamycin;JBIR-100;nigericin;selvamicin;lasalocid;filipin;lasalocid;LL-F28249α"
BGC0001653.1,T1PKS,PKSI,Polyketide,linfuranone B;linfuranone C,,NZ_BCBX01000035.1,Unknown,Microbispora sp. GMKU363,718014,pubmed:29939741,,1545,1545,120,,2,known_family,"piericidin A1;actinoallolide A;aldgamycin J;aldgamycin K;aldgamycin P;aldgamycin E;10,11-dihydro-8-deoxy-12,13-deepoxy-12,13-dihydrochalcomycin;ebelactone A;ebelactone B;mycinamicin II;griseochelin;spirangien O;FD-891;linfuranone B;linfuranone C;angolamycin;tylactone;nystatin;monensin;oligomycin;pladienolide B;E-837;tylactone;methymycin;rosamicin;salinipyrone A;pacificanone A;piericidin A1;midecamycin;laidlomycin;lasalocid;halstoctacosanolide A;niddamycin;nanchangmycin;azalomycin F3a;nystatin A1;monensin;chalcomycin A;niphimycins C-E;piericidin A1;nystatin-like Pseudonocardia polyene;pentamycin;JBIR-100;nigericin;selvamicin;lasalocid;filipin;lasalocid;LL-F28249α"
BGC0001661.1,T2PKS,PKSother,Polyketide,mayamycin,,MG601230.1,Unknown,Streptomyces sp.,1931,pubmed:29515228,,1553,223,1777,,3,known_family,erdacin;spore pigment;aranciamycin;curamycin;granaticin;huanglongmycin A;huanglongmycin B;huanglongmycin C;actinorhodin;kinamycin;naphtocyclinone;pradimicin-A;spore pigment;auricin;jadomycin;griseusin;fluostatin;granaticin;rabelomycin;dehydrorabelomycin;fluostatin F;fluostatin G;fluostatin H;frigocyclinone;oviedomycin;BE-7585A;paramagnetoquinone 1;paramagnetoquinone 2;arixanthomycin A;arixanthomycin B;arixanthomycin C;kiamycin;TLN-05220;fluostatins M-Q;BE-24566B;lugdunomycin;setomimycin;mayamycin;julichrome Q3-3;julichrome Q3-5;formicamycins A-M;anthrabenzoxocinone;BE-24566B;zunyimycin A;gilvocarcin V;oviedomycin
BGC0001670.1,T1PKS,PKSI,Polyketide,monensin,,KX263301.1,Unknown,Streptomyces cinnamonensis,1900,pubmed:27718094,,94,94,94,,2,known_family,"piericidin A1;actinoallolide A;aldgamycin J;aldgamycin K;aldgamycin P;aldgamycin E;10,11-dihydro-8-deoxy-12,13-deepoxy-12,13-dihydrochalcomycin;ebelactone A;ebelactone B;mycinamicin II;griseochelin;spirangien O;FD-891;linfuranone B;linfuranone C;angolamycin;tylactone;nystatin;monensin;oligomycin;pladienolide B;E-837;tylactone;methymycin;rosamicin;salinipyrone A;pacificanone A;piericidin A1;midecamycin;laidlomycin;lasalocid;halstoctacosanolide A;niddamycin;nanchangmycin;azalomycin F3a;nystatin A1;monensin;chalcomycin A;niphimycins C-E;piericidin A1;nystatin-like Pseudonocardia polyene;pentamycin;JBIR-100;nigericin;selvamicin;lasalocid;filipin;lasalocid;LL-F28249α"
BGC0001700.1,T1PKS,PKSI,Polyketide,niphimycins C-E,,MF671979.1,Unknown,Streptomyces sp. IMB7-145,2070498,pubmed:29308897,,1588,1588,110,,2,known_family,"piericidin A1;actinoallolide A;aldgamycin J;aldgamycin K;aldgamycin P;aldgamycin E;10,11-dihydro-8-deoxy-12,13-deepoxy-12,13-dihydrochalcomycin;ebelactone A;ebelactone B;mycinamicin II;griseochelin;spirangien O;FD-891;linfuranone B;linfuranone C;angolamycin;tylactone;nystatin;monensin;oligomycin;pladienolide B;E-837;tylactone;methymycin;rosamicin;salinipyrone A;pacificanone A;piericidin A1;midecamycin;laidlomycin;lasalocid;halstoctacosanolide A;niddamycin;nanchangmycin;azalomycin F3a;nystatin A1;monensin;chalcomycin A;niphimycins C-E;piericidin A1;nystatin-like Pseudonocardia polyene;pentamycin;JBIR-100;nigericin;selvamicin;lasalocid;filipin;lasalocid;LL-F28249α"
BGC0001709.1,T1PKS,PKSI,Polyketide,nystatin,,MG742725.1,Unknown,Streptomyces albulus,68570,doi:10.3389/fmicb.2018.02550,,110,110,110,,2,known_family,"piericidin A1;actinoallolide A;aldgamycin J;aldgamycin K;aldgamycin P;aldgamycin E;10,11-dihydro-8-deoxy-12,13-deepoxy-12,13-dihydrochalcomycin;ebelactone A;ebelactone B;mycinamicin II;griseochelin;spirangien O;FD-891;linfuranone B;linfuranone C;angolamycin;tylactone;nystatin;monensin;oligomycin;pladienolide B;E-837;tylactone;methymycin;rosamicin;salinipyrone A;pacificanone A;piericidin A1;midecamycin;laidlomycin;lasalocid;halstoctacosanolide A;niddamycin;nanchangmycin;azalomycin F3a;nystatin A1;monensin;chalcomycin A;niphimycins C-E;piericidin A1;nystatin-like Pseudonocardia polyene;pentamycin;JBIR-100;nigericin;selvamicin;lasalocid;filipin;lasalocid;LL-F28249α"
BGC0001723.1,T2PKS,PKSother,Polyketide,oviedomycin,,KY129858.1,Unknown,Streptomyces antibioticus,1890,pubmed:28562006,,220,220,220,,3,known_family,erdacin;spore pigment;aranciamycin;curamycin;granaticin;huanglongmycin A;huanglongmycin B;huanglongmycin C;actinorhodin;kinamycin;naphtocyclinone;pradimicin-A;spore pigment;auricin;jadomycin;griseusin;fluostatin;granaticin;rabelomycin;dehydrorabelomycin;fluostatin F;fluostatin G;fluostatin H;frigocyclinone;oviedomycin;BE-7585A;paramagnetoquinone 1;paramagnetoquinone 2;arixanthomycin A;arixanthomycin B;arixanthomycin C;kiamycin;TLN-05220;fluostatins M-Q;BE-24566B;lugdunomycin;setomimycin;mayamycin;julichrome Q3-3;julichrome Q3-5;formicamycins A-M;anthrabenzoxocinone;BE-24566B;zunyimycin A;gilvocarcin V;oviedomycin
BGC0001726.1,NRPS.T1PKS,PKS-NRP_Hybrids,NRP;Polyketide,pactamides,,KU569222.1,Unknown,Streptomyces pactum,68249,pubmed:28451290,,1613,949,949,,27,known_family,frontalamide B;clifednamide A;SGR PTMs;heat-stable antifungal factor;pactamides
BGC0001730.1,T2PKS,PKSother,Polyketide,paramagnetoquinone 1;paramagnetoquinone 2,,KX533975.1,Unknown,Actinoallomurus sp.,1872127,pubmed:28218529,,1617,1617,1273,,3,known_family,erdacin;spore pigment;aranciamycin;curamycin;granaticin;huanglongmycin A;huanglongmycin B;huanglongmycin C;actinorhodin;kinamycin;naphtocyclinone;pradimicin-A;spore pigment;auricin;jadomycin;griseusin;fluostatin;granaticin;rabelomycin;dehydrorabelomycin;fluostatin F;fluostatin G;fluostatin H;frigocyclinone;oviedomycin;BE-7585A;paramagnetoquinone 1;paramagnetoquinone 2;arixanthomycin A;arixanthomycin B;arixanthomycin C;kiamycin;TLN-05220;fluostatins M-Q;BE-24566B;lugdunomycin;setomimycin;mayamycin;julichrome Q3-3;julichrome Q3-5;formicamycins A-M;anthrabenzoxocinone;BE-24566B;zunyimycin A;gilvocarcin V;oviedomycin
BGC0001742.1,T1PKS,PKSI,Polyketide,piericidin A1,,KX098584.1,Unknown,Candidatus Streptomyces philanthi bv. triangulum,371632,pubmed:29444867,,1628,1628,107,,2,known_family,"piericidin A1;actinoallolide A;aldgamycin J;aldgamycin K;aldgamycin P;aldgamycin E;10,11-dihydro-8-deoxy-12,13-deepoxy-12,13-dihydrochalcomycin;ebelactone A;ebelactone B;mycinamicin II;griseochelin;spirangien O;FD-891;linfuranone B;linfuranone C;angolamycin;tylactone;nystatin;monensin;oligomycin;pladienolide B;E-837;tylactone;methymycin;rosamicin;salinipyrone A;pacificanone A;piericidin A1;midecamycin;laidlomycin;lasalocid;halstoctacosanolide A;niddamycin;nanchangmycin;azalomycin F3a;nystatin A1;monensin;chalcomycin A;niphimycins C-E;piericidin A1;nystatin-like Pseudonocardia polyene;pentamycin;JBIR-100;nigericin;selvamicin;lasalocid;filipin;lasalocid;LL-F28249α"
BGC0001767.1,NRPS,NRPS,NRP,salinichelins,,KB897466.1,Unknown,Salinispora pacifica CNY331,1169181,pubmed:28809850,,1652,1652,2175,2175,11,known_family,salinichelins
BGC0001769.1,T2PKS.oligosaccharide,Others,Polyketide,saquayamycin A,,KX356541.1,Unknown,Streptomyces sp.,1931,pubmed:28892347,,1654,1654,1654,36,1,known_family,simocyclinone D8;komodoquinone B;landomycin A;tetarimycin A;tetarimycin B;cosmomycin D;urdamycin;prejadomycin;rabelomycin;gaudimycin C;gaudimycin D;UWM6;gaudimycin A;simocyclinone;saprolmycin E;LL-D49194α1 (LLD);komodoquinone B;Sch-47554;Sch-47555;rhodomycin;saquayamycin A;warkmycin CS1;warkmycin CS2;cytorhodin;cosmomycin C;grincamycin;saquayamycin Z;kanamycin;simocyclinone D8
BGC0001773.1,T1PKS,PKSI,Polyketide,selvamicin,,CP013855.1,Unknown,Pseudonocardia sp. HH130630-07,1690815,pubmed:27803316,,1658,1658,1658,,2,known_family,"piericidin A1;actinoallolide A;aldgamycin J;aldgamycin K;aldgamycin P;aldgamycin E;10,11-dihydro-8-deoxy-12,13-deepoxy-12,13-dihydrochalcomycin;ebelactone A;ebelactone B;mycinamicin II;griseochelin;spirangien O;FD-891;linfuranone B;linfuranone C;angolamycin;tylactone;nystatin;monensin;oligomycin;pladienolide B;E-837;tylactone;methymycin;rosamicin;salinipyrone A;pacificanone A;piericidin A1;midecamycin;laidlomycin;lasalocid;halstoctacosanolide A;niddamycin;nanchangmycin;azalomycin F3a;nystatin A1;monensin;chalcomycin A;niphimycins C-E;piericidin A1;nystatin-like Pseudonocardia polyene;pentamycin;JBIR-100;nigericin;selvamicin;lasalocid;filipin;lasalocid;LL-F28249α"
BGC0001812.1,T1PKS,PKSI,Polyketide,tylactone,,MF033535.1,Unknown,Micromonospora chalcea subsp. izumensis,2008351,pubmed:28525276,,1696,1696,45,,2,known_family,"piericidin A1;actinoallolide A;aldgamycin J;aldgamycin K;aldgamycin P;aldgamycin E;10,11-dihydro-8-deoxy-12,13-deepoxy-12,13-dihydrochalcomycin;ebelactone A;ebelactone B;mycinamicin II;griseochelin;spirangien O;FD-891;linfuranone B;linfuranone C;angolamycin;tylactone;nystatin;monensin;oligomycin;pladienolide B;E-837;tylactone;methymycin;rosamicin;salinipyrone A;pacificanone A;piericidin A1;midecamycin;laidlomycin;lasalocid;halstoctacosanolide A;niddamycin;nanchangmycin;azalomycin F3a;nystatin A1;monensin;chalcomycin A;niphimycins C-E;piericidin A1;nystatin-like Pseudonocardia polyene;pentamycin;JBIR-100;nigericin;selvamicin;lasalocid;filipin;lasalocid;LL-F28249α"
BGC0001819.1,T3PKS.NRPS-like.T1PKS,PKS-NRP_Hybrids,Polyketide,venemycin,,NZ_CP018074.1,Unknown,Streptomyces venezuelae,54571,pubmed:27605017,,1913,1913,1913,,28,known_family,venemycin
BGC0001828.1,T1PKS,PKSI,Polyketide,griseochelin,,KT345957.1,Unknown,Streptomyces griseus,1911,pubmed:30671322,,1711,1711,120,,2,known_family,"piericidin A1;actinoallolide A;aldgamycin J;aldgamycin K;aldgamycin P;aldgamycin E;10,11-dihydro-8-deoxy-12,13-deepoxy-12,13-dihydrochalcomycin;ebelactone A;ebelactone B;mycinamicin II;griseochelin;spirangien O;FD-891;linfuranone B;linfuranone C;angolamycin;tylactone;nystatin;monensin;oligomycin;pladienolide B;E-837;tylactone;methymycin;rosamicin;salinipyrone A;pacificanone A;piericidin A1;midecamycin;laidlomycin;lasalocid;halstoctacosanolide A;niddamycin;nanchangmycin;azalomycin F3a;nystatin A1;monensin;chalcomycin A;niphimycins C-E;piericidin A1;nystatin-like Pseudonocardia polyene;pentamycin;JBIR-100;nigericin;selvamicin;lasalocid;filipin;lasalocid;LL-F28249α"
BGC0001830.1,T1PKS,PKSI,Polyketide,rosamicin;salinipyrone A;pacificanone A,,KP997155.1,Unknown,Salinispora pacifica,351187,pubmed:25930739,,1696,1696,107,,2,known_family,"piericidin A1;actinoallolide A;aldgamycin J;aldgamycin K;aldgamycin P;aldgamycin E;10,11-dihydro-8-deoxy-12,13-deepoxy-12,13-dihydrochalcomycin;ebelactone A;ebelactone B;mycinamicin II;griseochelin;spirangien O;FD-891;linfuranone B;linfuranone C;angolamycin;tylactone;nystatin;monensin;oligomycin;pladienolide B;E-837;tylactone;methymycin;rosamicin;salinipyrone A;pacificanone A;piericidin A1;midecamycin;laidlomycin;lasalocid;halstoctacosanolide A;niddamycin;nanchangmycin;azalomycin F3a;nystatin A1;monensin;chalcomycin A;niphimycins C-E;piericidin A1;nystatin-like Pseudonocardia polyene;pentamycin;JBIR-100;nigericin;selvamicin;lasalocid;filipin;lasalocid;LL-F28249α"
BGC0001851.1,T2PKS.oligosaccharide,Others,Polyketide;Saccharide,komodoquinone B,,NZ_JNZG01000006.1,complete,Streptomyces erythrochromogenes,285574,pubmed:30995392,Enzymatic assays;Sequence-based prediction,1731,1731,1732,36,1,known_family,simocyclinone D8;komodoquinone B;landomycin A;tetarimycin A;tetarimycin B;cosmomycin D;urdamycin;prejadomycin;rabelomycin;gaudimycin C;gaudimycin D;UWM6;gaudimycin A;simocyclinone;saprolmycin E;LL-D49194α1 (LLD);komodoquinone B;Sch-47554;Sch-47555;rhodomycin;saquayamycin A;warkmycin CS1;warkmycin CS2;cytorhodin;cosmomycin C;grincamycin;saquayamycin Z;kanamycin;simocyclinone D8
BGC0001852.1,T2PKS.oligosaccharide,Others,Polyketide;Saccharide,komodoquinone B,,NZ_JOBX01000002.1,complete,Streptomyces sp. NRRL S-378,1463904,pubmed:30995392,Enzymatic assays;Sequence-based prediction,1731,1731,1732,36,1,known_family,simocyclinone D8;komodoquinone B;landomycin A;tetarimycin A;tetarimycin B;cosmomycin D;urdamycin;prejadomycin;rabelomycin;gaudimycin C;gaudimycin D;UWM6;gaudimycin A;simocyclinone;saprolmycin E;LL-D49194α1 (LLD);komodoquinone B;Sch-47554;Sch-47555;rhodomycin;saquayamycin A;warkmycin CS1;warkmycin CS2;cytorhodin;cosmomycin C;grincamycin;saquayamycin Z;kanamycin;simocyclinone D8
BGC0001895.1,T2PKS,PKSother,Polyketide,huanglongmycin A;huanglongmycin B;huanglongmycin C,,CP026730.1,Unknown,Streptomyces sp. CB09001,2083284,pubmed:30013965,,220,220,1273,,3,known_family,erdacin;spore pigment;aranciamycin;curamycin;granaticin;huanglongmycin A;huanglongmycin B;huanglongmycin C;actinorhodin;kinamycin;naphtocyclinone;pradimicin-A;spore pigment;auricin;jadomycin;griseusin;fluostatin;granaticin;rabelomycin;dehydrorabelomycin;fluostatin F;fluostatin G;fluostatin H;frigocyclinone;oviedomycin;BE-7585A;paramagnetoquinone 1;paramagnetoquinone 2;arixanthomycin A;arixanthomycin B;arixanthomycin C;kiamycin;TLN-05220;fluostatins M-Q;BE-24566B;lugdunomycin;setomimycin;mayamycin;julichrome Q3-3;julichrome Q3-5;formicamycins A-M;anthrabenzoxocinone;BE-24566B;zunyimycin A;gilvocarcin V;oviedomycin
BGC0001904.1,T2PKS,PKSother,Polyketide,fluostatin,,KT726162.1,Unknown,Micromonospora rosaria,47874,pubmed:26465097,,220,220,1777,,3,known_family,erdacin;spore pigment;aranciamycin;curamycin;granaticin;huanglongmycin A;huanglongmycin B;huanglongmycin C;actinorhodin;kinamycin;naphtocyclinone;pradimicin-A;spore pigment;auricin;jadomycin;griseusin;fluostatin;granaticin;rabelomycin;dehydrorabelomycin;fluostatin F;fluostatin G;fluostatin H;frigocyclinone;oviedomycin;BE-7585A;paramagnetoquinone 1;paramagnetoquinone 2;arixanthomycin A;arixanthomycin B;arixanthomycin C;kiamycin;TLN-05220;fluostatins M-Q;BE-24566B;lugdunomycin;setomimycin;mayamycin;julichrome Q3-3;julichrome Q3-5;formicamycins A-M;anthrabenzoxocinone;BE-24566B;zunyimycin A;gilvocarcin V;oviedomycin
BGC0001979.1,PKS-like.betalactone.T2PKS.oligosaccharide,Others,Polyketide,LL-D49194α1 (LLD),,MK501817.1,Unknown,Streptomyces vinaceusdrappus,67376,pubmed:30855966,,1852,1852,2295,36,1,known_family,simocyclinone D8;komodoquinone B;landomycin A;tetarimycin A;tetarimycin B;cosmomycin D;urdamycin;prejadomycin;rabelomycin;gaudimycin C;gaudimycin D;UWM6;gaudimycin A;simocyclinone;saprolmycin E;LL-D49194α1 (LLD);komodoquinone B;Sch-47554;Sch-47555;rhodomycin;saquayamycin A;warkmycin CS1;warkmycin CS2;cytorhodin;cosmomycin C;grincamycin;saquayamycin Z;kanamycin;simocyclinone D8
BGC0002000.1,T2PKS,PKSother,Polyketide,setomimycin,,NZ_AOPZ01000074.1,Unknown,Streptomyces aurantiacus JA 4570,1286094,pubmed:721705;pubmed:24746278,,220,220,220,,3,known_family,erdacin;spore pigment;aranciamycin;curamycin;granaticin;huanglongmycin A;huanglongmycin B;huanglongmycin C;actinorhodin;kinamycin;naphtocyclinone;pradimicin-A;spore pigment;auricin;jadomycin;griseusin;fluostatin;granaticin;rabelomycin;dehydrorabelomycin;fluostatin F;fluostatin G;fluostatin H;frigocyclinone;oviedomycin;BE-7585A;paramagnetoquinone 1;paramagnetoquinone 2;arixanthomycin A;arixanthomycin B;arixanthomycin C;kiamycin;TLN-05220;fluostatins M-Q;BE-24566B;lugdunomycin;setomimycin;mayamycin;julichrome Q3-3;julichrome Q3-5;formicamycins A-M;anthrabenzoxocinone;BE-24566B;zunyimycin A;gilvocarcin V;oviedomycin
BGC0002010.1,phenazine.PKS-like.T1PKS,Others,NRP;Polyketide,streptophenazine B;streptophenazine C;streptophenazine F;streptophenazine G;streptophenazine H,,NZ_KB899004.1,Unknown,Streptomyces sp. CNB091,1169156,pubmed:30853419,,1882,1882,1882,36,12,known_family,"furaquinocin B;napyradiomycin A80915C;lomofungin;napyradiomycin;pyocyanine;streptophenazine B;streptophenazine C;streptophenazine F;streptophenazine G;streptophenazine H;merochlorin A;merochlorin B;deschloro-merochlorin A;deschloro-merochlorin B;isochloro-merochlorin B;dichloro-merochlorin B;merochlorin D;merochlorin C;marinophenazine A;phenaziterpene A;endophenazine A;endophenazine B;5-acetyl-5,10-dihydrophenazine-1-carboxylic acid;5-(2-hydroxyacetyl)-5,10-dihydrophenazine-1-carboxylic acid;endophenazine A1;endophenazine F;endophenazine G"
BGC0002012.1,T2PKS,PKSother,Polyketide,julichrome Q3-3;julichrome Q3-5,,NZ_KE354310.1,Unknown,Streptomyces afghaniensis 772,1283301,pubmed:24746278;doi:10.1016/S0040-4020(01)98729-;doi:10.1016/0040-4020(70)80008-,,220,220,220,,3,known_family,erdacin;spore pigment;aranciamycin;curamycin;granaticin;huanglongmycin A;huanglongmycin B;huanglongmycin C;actinorhodin;kinamycin;naphtocyclinone;pradimicin-A;spore pigment;auricin;jadomycin;griseusin;fluostatin;granaticin;rabelomycin;dehydrorabelomycin;fluostatin F;fluostatin G;fluostatin H;frigocyclinone;oviedomycin;BE-7585A;paramagnetoquinone 1;paramagnetoquinone 2;arixanthomycin A;arixanthomycin B;arixanthomycin C;kiamycin;TLN-05220;fluostatins M-Q;BE-24566B;lugdunomycin;setomimycin;mayamycin;julichrome Q3-3;julichrome Q3-5;formicamycins A-M;anthrabenzoxocinone;BE-24566B;zunyimycin A;gilvocarcin V;oviedomycin
BGC0002016.1,T2PKS,PKSother,Polyketide,lugdunomycin,,PTJS01000001.1,Unknown,Streptomyces sp. QL37,2093747,pubmed:30656821,,220,220,1777,,3,known_family,erdacin;spore pigment;aranciamycin;curamycin;granaticin;huanglongmycin A;huanglongmycin B;huanglongmycin C;actinorhodin;kinamycin;naphtocyclinone;pradimicin-A;spore pigment;auricin;jadomycin;griseusin;fluostatin;granaticin;rabelomycin;dehydrorabelomycin;fluostatin F;fluostatin G;fluostatin H;frigocyclinone;oviedomycin;BE-7585A;paramagnetoquinone 1;paramagnetoquinone 2;arixanthomycin A;arixanthomycin B;arixanthomycin C;kiamycin;TLN-05220;fluostatins M-Q;BE-24566B;lugdunomycin;setomimycin;mayamycin;julichrome Q3-3;julichrome Q3-5;formicamycins A-M;anthrabenzoxocinone;BE-24566B;zunyimycin A;gilvocarcin V;oviedomycin
BGC0002028.1,T2PKS,PKSother,Polyketide,frigocyclinone,,MK240316.1,Unknown,Streptomyces griseus,1911,pubmed:31303144,,1899,1899,1777,,3,known_family,erdacin;spore pigment;aranciamycin;curamycin;granaticin;huanglongmycin A;huanglongmycin B;huanglongmycin C;actinorhodin;kinamycin;naphtocyclinone;pradimicin-A;spore pigment;auricin;jadomycin;griseusin;fluostatin;granaticin;rabelomycin;dehydrorabelomycin;fluostatin F;fluostatin G;fluostatin H;frigocyclinone;oviedomycin;BE-7585A;paramagnetoquinone 1;paramagnetoquinone 2;arixanthomycin A;arixanthomycin B;arixanthomycin C;kiamycin;TLN-05220;fluostatins M-Q;BE-24566B;lugdunomycin;setomimycin;mayamycin;julichrome Q3-3;julichrome Q3-5;formicamycins A-M;anthrabenzoxocinone;BE-24566B;zunyimycin A;gilvocarcin V;oviedomycin
BGC0002032.1,T1PKS,PKSI,Polyketide,pentamycin,,QQVZ01000001.1,Unknown,Streptomyces sp. S816,2283197,pubmed:31095370,,56,56,120,,2,known_family,"piericidin A1;actinoallolide A;aldgamycin J;aldgamycin K;aldgamycin P;aldgamycin E;10,11-dihydro-8-deoxy-12,13-deepoxy-12,13-dihydrochalcomycin;ebelactone A;ebelactone B;mycinamicin II;griseochelin;spirangien O;FD-891;linfuranone B;linfuranone C;angolamycin;tylactone;nystatin;monensin;oligomycin;pladienolide B;E-837;tylactone;methymycin;rosamicin;salinipyrone A;pacificanone A;piericidin A1;midecamycin;laidlomycin;lasalocid;halstoctacosanolide A;niddamycin;nanchangmycin;azalomycin F3a;nystatin A1;monensin;chalcomycin A;niphimycins C-E;piericidin A1;nystatin-like Pseudonocardia polyene;pentamycin;JBIR-100;nigericin;selvamicin;lasalocid;filipin;lasalocid;LL-F28249α"
