,product,bigscape_class,genome_id,accn_id,gcf_0.30,gcf_0.40,gcf_0.50,Clan Number,fam_id_0.30,fam_type_0.30,fam_known_compounds_0.30
NC_018750.1.region001,ectoine,Others,GCF_000253235.1,NC_018750.1,1911,1911,1911,2045,2,known_family,ectoine
NC_018750.1.region002,terpene,Terpene,GCF_000253235.1,NC_018750.1,2109,2109,2109,,14,unknown_family,u_Terpene_14
NC_018750.1.region003,T3PKS.NRPS.NRPS-like.T1PKS,PKS-NRP_Hybrids,GCF_000253235.1,NC_018750.1,1913,1913,1913,,22,known_family,venemycin
NC_018750.1.region004,terpene.lanthipeptide-class-ii,Others,GCF_000253235.1,NC_018750.1,2111,2111,2111,36,20,unknown_family,u_Others_20
NC_018750.1.region005,lanthipeptide-class-iv,RiPPs,GCF_000253235.1,NC_018750.1,2399,2399,2399,552,17,known_family,venezuelin
NC_018750.1.region006,indole,Others,GCF_000253235.1,NC_018750.1,2143,2143,2143,36,26,unknown_family,u_Others_26
NC_018750.1.region007,NRPS-like,NRPS,GCF_000253235.1,NC_018750.1,1917,1917,1917,2175,23,known_family,chloramphenicol
NC_018750.1.region008,CDPS,Others,GCF_000253235.1,NC_018750.1,1918,1918,1918,36,10,unknown_family,u_Others_10
NC_018750.1.region009,siderophore,Others,GCF_000253235.1,NC_018750.1,1919,1919,1919,1919,1,known_family,desferrioxamin B;desferrioxamine E;desferrioxamine;desferrioxamine E;desferrioxamin B
NC_018750.1.region010,lassopeptide,RiPPs,GCF_000253235.1,NC_018750.1,1950,1950,1950,552,29,unknown_family,u_RiPPs_29
NC_018750.1.region011,NRPS-like,NRPS,GCF_000253235.1,NC_018750.1,1981,1981,1981,2235,13,unknown_family,u_NRPS_13
NC_018750.1.region012,butyrolactone,Others,GCF_000253235.1,NC_018750.1,1982,1982,1982,36,24,unknown_family,u_Others_24
NC_018750.1.region013,melanin,Others,GCF_000253235.1,NC_018750.1,1983,1983,1983,36,3,unknown_family,u_Others_3
NC_018750.1.region014,butyrolactone,Others,GCF_000253235.1,NC_018750.1,2094,2094,2094,2094,11,unknown_family,u_Others_11
NC_018750.1.region015,thiopeptide.LAP,RiPPs,GCF_000253235.1,NC_018750.1,2239,2239,2239,552,18,unknown_family,u_RiPPs_18
NC_018750.1.region016,T3PKS,PKSother,GCF_000253235.1,NC_018750.1,2270,2270,2270,,12,unknown_family,u_PKSother_12
NC_018750.1.region017,siderophore,Others,GCF_000253235.1,NC_018750.1,2123,2123,2123,36,15,unknown_family,u_Others_15
NC_018750.1.region018,siderophore,Others,GCF_000253235.1,NC_018750.1,2014,2014,2014,36,6,unknown_family,u_Others_6
NC_018750.1.region019,RiPP-like,RiPPs,GCF_000253235.1,NC_018750.1,2125,2125,2125,552,30,unknown_family,u_RiPPs_30
NC_018750.1.region020,butyrolactone.T2PKS,Others,GCF_000253235.1,NC_018750.1,2297,2414,2414,36,4,unknown_family,u_Others_4
NC_018750.1.region021,NAPAA,NRPS,GCF_000253235.1,NC_018750.1,2415,2415,2415,2175,27,unknown_family,u_NRPS_27
NC_018750.1.region022,NRPS-like.ladderane.thioamide-NRP.NRPS.RRE-containing,Others,GCF_000253235.1,NC_018750.1,2416,2416,2416,2416,21,unknown_family,u_Others_21
NC_018750.1.region023,terpene,Terpene,GCF_000253235.1,NC_018750.1,2263,2294,2294,,5,unknown_family,u_Terpene_5
NC_018750.1.region024,lanthipeptide-class-iii,RiPPs,GCF_000253235.1,NC_018750.1,2418,2418,2418,2418,19,unknown_family,u_RiPPs_19
NC_018750.1.region025,RiPP-like,RiPPs,GCF_000253235.1,NC_018750.1,2131,2131,2131,552,28,unknown_family,u_RiPPs_28
NC_018750.1.region026,T2PKS,PKSother,GCF_000253235.1,NC_018750.1,2420,2163,2420,,16,known_family,BE-24566B;spore pigment;BE-24566B;zunyimycin A;curamycin
NC_018750.1.region027,melanin,Others,GCF_000253235.1,NC_018750.1,2421,2421,2421,2421,7,unknown_family,u_Others_7
NC_018750.1.region028,NRPS,NRPS,GCF_000253235.1,NC_018750.1,2422,2422,2422,2175,8,unknown_family,u_NRPS_8
NC_018750.1.region029,terpene,Terpene,GCF_000253235.1,NC_018750.1,2423,2423,2423,,31,unknown_family,u_Terpene_31
NC_018750.1.region030,T3PKS,PKSother,GCF_000253235.1,NC_018750.1,2136,2136,2136,,38,unknown_family,u_PKSother_38
NC_018750.1.region031,NRPS.terpene,Others,GCF_000253235.1,NC_018750.1,2079,2079,2079,36,25,unknown_family,u_Others_25
NZ_LQYF01000001.1.region001,NRPS,NRPS,GCF_001592685.1,NZ_LQYF01000001,2023,2206,2206,2175,45,unknown_family,u_NRPS_45
NZ_LQYF01000001.1.region002,terpene,Terpene,GCF_001592685.1,NZ_LQYF01000001,2207,2207,2207,,42,unknown_family,u_Terpene_42
NZ_LQYF01000001.1.region003,terpene,Terpene,GCF_001592685.1,NZ_LQYF01000001,2263,2294,2294,,5,unknown_family,u_Terpene_5
NZ_LQYF01000001.1.region004,butyrolactone.furan,Others,GCF_001592685.1,NZ_LQYF01000001,2324,2324,2324,36,37,unknown_family,u_Others_37
NZ_LQYF01000001.1.region005,T2PKS.oligosaccharide,Others,GCF_001592685.1,NZ_LQYF01000001,2323,2323,2032,36,34,unknown_family,u_Others_34
NZ_LQYF01000001.1.region006,NRPS.butyrolactone,Others,GCF_001592685.1,NZ_LQYF01000001,2322,2322,2033,36,4,unknown_family,u_Others_4
NZ_LQYF01000001.1.region007,terpene,Terpene,GCF_001592685.1,NZ_LQYF01000001,2034,2034,2321,,40,unknown_family,u_Terpene_40
NZ_LQYF01000001.1.region008,RiPP-like,RiPPs,GCF_001592685.1,NZ_LQYF01000001,2015,2015,2015,552,9,unknown_family,u_RiPPs_9
NZ_LQYF01000001.1.region009,siderophore,Others,GCF_001592685.1,NZ_LQYF01000001,2014,2014,2014,36,6,unknown_family,u_Others_6
NZ_LQYF01000001.1.region010,melanin,Others,GCF_001592685.1,NZ_LQYF01000001,2332,2332,2332,36,3,unknown_family,u_Others_3
NZ_LQYF01000001.1.region011,phenazine.NRPS,Others,GCF_001592685.1,NZ_LQYF01000001,2012,2012,2012,36,33,unknown_family,u_Others_33
NZ_LQYF01000001.1.region012,NRPS.RRE-containing.T1PKS,Others,GCF_001592685.1,NZ_LQYF01000001,2011,2011,2011,36,35,unknown_family,u_Others_35
NZ_LQYF01000001.1.region013,siderophore,Others,GCF_001592685.1,NZ_LQYF01000001,1919,1919,1919,1919,1,known_family,desferrioxamin B;desferrioxamine E;desferrioxamine;desferrioxamine E;desferrioxamin B
NZ_LQYF01000002.1.region001,NRPS,NRPS,GCF_001592685.1,NZ_LQYF01000002,2046,2046,2046,2175,39,unknown_family,u_NRPS_39
NZ_LQYF01000002.1.region002,ectoine,Others,GCF_001592685.1,NZ_LQYF01000002,2045,2045,2045,2045,2,known_family,ectoine
NZ_LQYF01000002.1.region003,terpene,Terpene,GCF_001592685.1,NZ_LQYF01000002,2044,2044,2044,,41,unknown_family,u_Terpene_41
NZ_LQYF01000002.1.region004,NRPS,NRPS,GCF_001592685.1,NZ_LQYF01000002,2360,2422,2422,2175,108,unknown_family,u_NRPS_108
NZ_LQYF01000002.1.region005,terpene.T2PKS,Others,GCF_001592685.1,NZ_LQYF01000002,2042,2042,2042,36,36,unknown_family,u_Others_36
NZ_LQYF01000002.1.region006,T1PKS,PKSI,GCF_001592685.1,NZ_LQYF01000002,2041,2041,2041,,32,unknown_family,u_PKSI_32
NZ_LQYF01000003.1.region001,NRPS,NRPS,GCF_001592685.1,NZ_LQYF01000003,2363,2363,2363,2175,109,unknown_family,u_NRPS_109
NZ_LQYF01000003.1.region002,melanin,Others,GCF_001592685.1,NZ_LQYF01000003,2205,2205,2205,2205,7,unknown_family,u_Others_7
NZ_LQYF01000003.1.region003,terpene,Terpene,GCF_001592685.1,NZ_LQYF01000003,2365,2365,2365,,43,unknown_family,u_Terpene_43
NZ_LQYF01000004.1.region001,thioamitides,Others,GCF_001592685.1,NZ_LQYF01000004,2048,2048,2048,36,59,unknown_family,u_Others_59
NZ_LQYF01000005.1.region001,terpene,Terpene,GCF_001592685.1,NZ_LQYF01000005,2047,2047,2047,,44,unknown_family,u_Terpene_44
NZ_LQYF01000005.1.region002,NRPS,NRPS,GCF_001592685.1,NZ_LQYF01000005,2368,2368,2368,2175,110,unknown_family,u_NRPS_110
NZ_CP018074.1.region001,ectoine,Others,GCF_001886595.1,NZ_CP018074.1,1911,1911,1911,2045,2,known_family,ectoine
NZ_CP018074.1.region002,terpene,Terpene,GCF_001886595.1,NZ_CP018074.1,2109,2109,2109,,14,unknown_family,u_Terpene_14
NZ_CP018074.1.region003,T3PKS.NRPS.NRPS-like.T1PKS,PKS-NRP_Hybrids,GCF_001886595.1,NZ_CP018074.1,1913,1913,1913,,22,known_family,venemycin
NZ_CP018074.1.region004,terpene.lanthipeptide-class-ii,Others,GCF_001886595.1,NZ_CP018074.1,2111,2111,2111,36,20,unknown_family,u_Others_20
NZ_CP018074.1.region005,lanthipeptide-class-iv,RiPPs,GCF_001886595.1,NZ_CP018074.1,2399,2399,2399,552,17,known_family,venezuelin
NZ_CP018074.1.region006,indole,Others,GCF_001886595.1,NZ_CP018074.1,2143,2143,2143,36,26,unknown_family,u_Others_26
NZ_CP018074.1.region007,NRPS-like,NRPS,GCF_001886595.1,NZ_CP018074.1,1917,1917,1917,2175,23,known_family,chloramphenicol
NZ_CP018074.1.region008,CDPS,Others,GCF_001886595.1,NZ_CP018074.1,1918,1918,1918,36,10,unknown_family,u_Others_10
NZ_CP018074.1.region009,siderophore,Others,GCF_001886595.1,NZ_CP018074.1,1919,1919,1919,1919,1,known_family,desferrioxamin B;desferrioxamine E;desferrioxamine;desferrioxamine E;desferrioxamin B
NZ_CP018074.1.region010,lassopeptide,RiPPs,GCF_001886595.1,NZ_CP018074.1,1950,1950,1950,552,29,unknown_family,u_RiPPs_29
NZ_CP018074.1.region011,NRPS-like,NRPS,GCF_001886595.1,NZ_CP018074.1,1981,1981,1981,2235,13,unknown_family,u_NRPS_13
NZ_CP018074.1.region012,butyrolactone,Others,GCF_001886595.1,NZ_CP018074.1,1982,1982,1982,36,24,unknown_family,u_Others_24
NZ_CP018074.1.region013,melanin,Others,GCF_001886595.1,NZ_CP018074.1,1983,1983,1983,36,3,unknown_family,u_Others_3
NZ_CP018074.1.region014,butyrolactone,Others,GCF_001886595.1,NZ_CP018074.1,2094,2094,2094,2094,11,unknown_family,u_Others_11
NZ_CP018074.1.region015,thiopeptide.LAP,RiPPs,GCF_001886595.1,NZ_CP018074.1,2239,2239,2239,552,18,unknown_family,u_RiPPs_18
NZ_CP018074.1.region016,T3PKS,PKSother,GCF_001886595.1,NZ_CP018074.1,2270,2270,2270,,12,unknown_family,u_PKSother_12
NZ_CP018074.1.region017,siderophore,Others,GCF_001886595.1,NZ_CP018074.1,2123,2123,2123,36,15,unknown_family,u_Others_15
NZ_CP018074.1.region018,siderophore,Others,GCF_001886595.1,NZ_CP018074.1,2014,2014,2014,36,6,unknown_family,u_Others_6
NZ_CP018074.1.region019,RiPP-like,RiPPs,GCF_001886595.1,NZ_CP018074.1,2125,2125,2125,552,30,unknown_family,u_RiPPs_30
NZ_CP018074.1.region020,butyrolactone.T2PKS,Others,GCF_001886595.1,NZ_CP018074.1,2297,2414,2414,36,4,unknown_family,u_Others_4
NZ_CP018074.1.region021,NAPAA,NRPS,GCF_001886595.1,NZ_CP018074.1,2415,2415,2415,2175,27,unknown_family,u_NRPS_27
NZ_CP018074.1.region022,NRPS-like.ladderane.thioamide-NRP.NRPS.RRE-containing,Others,GCF_001886595.1,NZ_CP018074.1,2416,2416,2416,2416,21,unknown_family,u_Others_21
NZ_CP018074.1.region023,terpene,Terpene,GCF_001886595.1,NZ_CP018074.1,2263,2294,2294,,5,unknown_family,u_Terpene_5
NZ_CP018074.1.region024,lanthipeptide-class-iii,RiPPs,GCF_001886595.1,NZ_CP018074.1,2418,2418,2418,2418,19,unknown_family,u_RiPPs_19
NZ_CP018074.1.region025,RiPP-like,RiPPs,GCF_001886595.1,NZ_CP018074.1,2131,2131,2131,552,28,unknown_family,u_RiPPs_28
NZ_CP018074.1.region026,T2PKS,PKSother,GCF_001886595.1,NZ_CP018074.1,2420,2163,2420,,16,known_family,BE-24566B;spore pigment;BE-24566B;zunyimycin A;curamycin
NZ_CP018074.1.region027,melanin,Others,GCF_001886595.1,NZ_CP018074.1,2421,2421,2421,2421,7,unknown_family,u_Others_7
NZ_CP018074.1.region028,NRPS,NRPS,GCF_001886595.1,NZ_CP018074.1,2422,2422,2422,2175,8,unknown_family,u_NRPS_8
NZ_CP018074.1.region029,terpene,Terpene,GCF_001886595.1,NZ_CP018074.1,2423,2423,2423,,31,unknown_family,u_Terpene_31
NZ_CP018074.1.region030,T3PKS,PKSother,GCF_001886595.1,NZ_CP018074.1,2136,2136,2136,,38,unknown_family,u_PKSother_38
NZ_CP018074.1.region031,NRPS.terpene,Others,GCF_001886595.1,NZ_CP018074.1,2079,2079,2079,36,25,unknown_family,u_Others_25
NZ_CP027022.1.region001,terpene,Terpene,GCF_002943895.1,NZ_CP027022.1,2365,2365,2365,,43,unknown_family,u_Terpene_43
NZ_CP027022.1.region002,melanin,Others,GCF_002943895.1,NZ_CP027022.1,2205,2205,2205,2205,7,unknown_family,u_Others_7
NZ_CP027022.1.region003,NRPS,NRPS,GCF_002943895.1,NZ_CP027022.1,2023,2206,2206,2175,45,unknown_family,u_NRPS_45
NZ_CP027022.1.region004,terpene,Terpene,GCF_002943895.1,NZ_CP027022.1,2207,2207,2207,,42,unknown_family,u_Terpene_42
NZ_CP027022.1.region005,terpene,Terpene,GCF_002943895.1,NZ_CP027022.1,2263,2294,2294,,5,unknown_family,u_Terpene_5
NZ_CP027022.1.region006,butyrolactone.furan,Others,GCF_002943895.1,NZ_CP027022.1,2324,2324,2324,36,37,unknown_family,u_Others_37
NZ_CP027022.1.region007,T2PKS.oligosaccharide,Others,GCF_002943895.1,NZ_CP027022.1,2323,2323,2032,36,34,unknown_family,u_Others_34
NZ_CP027022.1.region008,NRPS.butyrolactone,Others,GCF_002943895.1,NZ_CP027022.1,2322,2322,2033,36,4,unknown_family,u_Others_4
NZ_CP027022.1.region009,terpene,Terpene,GCF_002943895.1,NZ_CP027022.1,2034,2034,2321,,40,unknown_family,u_Terpene_40
NZ_CP027022.1.region010,RiPP-like,RiPPs,GCF_002943895.1,NZ_CP027022.1,2015,2015,2015,552,9,unknown_family,u_RiPPs_9
NZ_CP027022.1.region011,siderophore,Others,GCF_002943895.1,NZ_CP027022.1,2014,2014,2014,36,6,unknown_family,u_Others_6
NZ_CP027022.1.region012,melanin,Others,GCF_002943895.1,NZ_CP027022.1,2332,2332,2332,36,3,unknown_family,u_Others_3
NZ_CP027022.1.region013,phenazine.NRPS,Others,GCF_002943895.1,NZ_CP027022.1,2012,2012,2012,36,33,unknown_family,u_Others_33
NZ_CP027022.1.region014,NRPS.RRE-containing.T1PKS,Others,GCF_002943895.1,NZ_CP027022.1,2011,2011,2011,36,35,unknown_family,u_Others_35
NZ_CP027022.1.region015,siderophore,Others,GCF_002943895.1,NZ_CP027022.1,1919,1919,1919,1919,1,known_family,desferrioxamin B;desferrioxamine E;desferrioxamine;desferrioxamine E;desferrioxamin B
NZ_CP027022.1.region016,T1PKS,PKSI,GCF_002943895.1,NZ_CP027022.1,2041,2041,2041,,32,unknown_family,u_PKSI_32
NZ_CP027022.1.region017,terpene.T2PKS,Others,GCF_002943895.1,NZ_CP027022.1,2042,2042,2042,36,36,unknown_family,u_Others_36
NZ_CP027022.1.region018,NRPS,NRPS,GCF_002943895.1,NZ_CP027022.1,2043,2043,2043,2175,8,unknown_family,u_NRPS_8
NZ_CP027022.1.region019,terpene,Terpene,GCF_002943895.1,NZ_CP027022.1,2044,2044,2044,,41,unknown_family,u_Terpene_41
NZ_CP027022.1.region020,ectoine,Others,GCF_002943895.1,NZ_CP027022.1,2045,2045,2045,2045,2,known_family,ectoine
NZ_CP027022.1.region021,NRPS,NRPS,GCF_002943895.1,NZ_CP027022.1,2046,2046,2046,2175,39,unknown_family,u_NRPS_39
NZ_CP027022.1.region022,terpene,Terpene,GCF_002943895.1,NZ_CP027022.1,2047,2047,2047,,44,unknown_family,u_Terpene_44
NZ_CP027023.1.region001,thioamitides,Others,GCF_002943895.1,NZ_CP027023.1,2048,2048,2048,36,59,unknown_family,u_Others_59
NZ_KZ819169.1.region001,siderophore,Others,GCF_003116715.1,NZ_KZ819169.1,2014,2014,2014,36,6,unknown_family,u_Others_6
NZ_KZ819169.1.region002,RiPP-like,RiPPs,GCF_003116715.1,NZ_KZ819169.1,2015,2015,2015,552,9,unknown_family,u_RiPPs_9
NZ_KZ819169.1.region003,terpene,Terpene,GCF_003116715.1,NZ_KZ819169.1,2034,2034,2321,,40,unknown_family,u_Terpene_40
NZ_KZ819169.1.region004,NRPS.butyrolactone,Others,GCF_003116715.1,NZ_KZ819169.1,2322,2322,2033,36,4,unknown_family,u_Others_4
NZ_KZ819169.1.region005,T2PKS.oligosaccharide,Others,GCF_003116715.1,NZ_KZ819169.1,2323,2323,2032,36,34,unknown_family,u_Others_34
NZ_KZ819169.1.region006,butyrolactone.furan,Others,GCF_003116715.1,NZ_KZ819169.1,2324,2324,2324,36,37,unknown_family,u_Others_37
NZ_KZ819169.1.region007,terpene,Terpene,GCF_003116715.1,NZ_KZ819169.1,2263,2294,2294,,5,unknown_family,u_Terpene_5
NZ_KZ819169.1.region008,nucleoside,Others,GCF_003116715.1,NZ_KZ819169.1,2326,2326,2326,36,48,unknown_family,u_Others_48
NZ_KZ819169.1.region009,terpene,Terpene,GCF_003116715.1,NZ_KZ819169.1,2207,2207,2207,,42,unknown_family,u_Terpene_42
NZ_KZ819169.1.region010,NRPS.NRPS-like,NRPS,GCF_003116715.1,NZ_KZ819169.1,2328,2206,2206,2175,107,unknown_family,u_NRPS_107
NZ_KZ819169.1.region011,melanin,Others,GCF_003116715.1,NZ_KZ819169.1,2205,2205,2205,2205,7,unknown_family,u_Others_7
NZ_KZ819169.1.region012,terpene,Terpene,GCF_003116715.1,NZ_KZ819169.1,2365,2365,2365,,43,unknown_family,u_Terpene_43
NZ_KZ819170.1.region001,lassopeptide,RiPPs,GCF_003116715.1,NZ_KZ819170.1,2331,2331,2331,552,124,unknown_family,u_RiPPs_124
NZ_KZ819170.1.region002,melanin,Others,GCF_003116715.1,NZ_KZ819170.1,2332,2332,2332,36,3,unknown_family,u_Others_3
NZ_KZ819171.1.region001,siderophore,Others,GCF_003116715.1,NZ_KZ819171.1,2010,2010,2010,2010,1,known_family,desferrioxamin B;desferrioxamine E;desferrioxamine;desferrioxamine E;desferrioxamin B
NZ_KZ819172.1.region001,lanthipeptide-class-iii,RiPPs,GCF_003116715.1,NZ_KZ819172.1,2334,2334,2334,552,116,unknown_family,u_RiPPs_116
NZ_KZ819172.1.region002,terpene,Terpene,GCF_003116715.1,NZ_KZ819172.1,2047,2047,2047,,44,unknown_family,u_Terpene_44
NZ_KZ819172.1.region003,NRPS,NRPS,GCF_003116715.1,NZ_KZ819172.1,2046,2046,2046,2175,39,unknown_family,u_NRPS_39
NZ_KZ819172.1.region004,ectoine,Others,GCF_003116715.1,NZ_KZ819172.1,2045,2045,2045,2045,2,known_family,ectoine
NZ_KZ819172.1.region005,terpene,Terpene,GCF_003116715.1,NZ_KZ819172.1,2044,2044,2044,,41,unknown_family,u_Terpene_41
NZ_KZ819172.1.region006,NRPS,NRPS,GCF_003116715.1,NZ_KZ819172.1,2043,2043,2043,2175,8,unknown_family,u_NRPS_8
NZ_KZ819172.1.region007,terpene.T2PKS,Others,GCF_003116715.1,NZ_KZ819172.1,2042,2042,2042,36,36,unknown_family,u_Others_36
NZ_KZ819172.1.region008,T1PKS,PKSI,GCF_003116715.1,NZ_KZ819172.1,2041,2041,2041,,32,unknown_family,u_PKSI_32
NZ_KZ819173.1.region001,phenazine,Others,GCF_003116715.1,NZ_KZ819173.1,2012,2012,2012,36,33,unknown_family,u_Others_33
NZ_KZ819175.1.region001,NRPS.RRE-containing.T1PKS,Others,GCF_003116715.1,NZ_KZ819175.1,2011,2011,2011,36,35,unknown_family,u_Others_35
NZ_PDCL01000001.1.region001,lanthipeptide-class-iv,RiPPs,GCF_008634015.1,NZ_PDCL01000001,2369,2369,2369,552,123,unknown_family,u_RiPPs_123
NZ_PDCL01000001.1.region002,lanthipeptide-class-iii,RiPPs,GCF_008634015.1,NZ_PDCL01000001,2370,2370,2370,552,75,unknown_family,u_RiPPs_75
NZ_PDCL01000001.1.region003,NRPS.T1PKS,PKS-NRP_Hybrids,GCF_008634015.1,NZ_PDCL01000001,1613,949,949,,49,known_family,pactamides
NZ_PDCL01000001.1.region004,NRPS,NRPS,GCF_008634015.1,NZ_PDCL01000001,2372,2372,2372,2175,70,unknown_family,u_NRPS_70
NZ_PDCL01000001.1.region005,terpene,Terpene,GCF_008634015.1,NZ_PDCL01000001,2373,2109,2109,,80,unknown_family,u_Terpene_80
NZ_PDCL01000001.1.region006,RiPP-like,RiPPs,GCF_008634015.1,NZ_PDCL01000001,2374,1959,1959,552,74,unknown_family,u_RiPPs_74
NZ_PDCL01000001.1.region007,ectoine,Others,GCF_008634015.1,NZ_PDCL01000001,2389,2389,2389,36,2,known_family,ectoine
NZ_PDCL01000001.1.region008,betalactone,Others,GCF_008634015.1,NZ_PDCL01000001,2376,2275,2275,36,61,unknown_family,u_Others_61
NZ_PDCL01000001.1.region009,butyrolactone,Others,GCF_008634015.1,NZ_PDCL01000001,2377,2377,2377,36,53,unknown_family,u_Others_53
NZ_PDCL01000001.1.region010,NRPS-like,NRPS,GCF_008634015.1,NZ_PDCL01000001,1952,1952,1952,2175,69,unknown_family,u_NRPS_69
NZ_PDCL01000001.1.region011,siderophore,Others,GCF_008634015.1,NZ_PDCL01000001,2010,2010,2010,2010,1,known_family,desferrioxamin B;desferrioxamine E;desferrioxamine;desferrioxamine E;desferrioxamin B
NZ_PDCL01000001.1.region012,T3PKS,PKSother,GCF_008634015.1,NZ_PDCL01000001,2380,2380,2380,,100,unknown_family,u_PKSother_100
NZ_PDCL01000001.1.region013,melanin,Others,GCF_008634015.1,NZ_PDCL01000001,1983,1983,1983,36,3,unknown_family,u_Others_3
NZ_PDCL01000001.1.region014,T3PKS,PKSother,GCF_008634015.1,NZ_PDCL01000001,2270,2270,2270,,12,unknown_family,u_PKSother_12
NZ_PDCL01000002.1.region001,melanin,Others,GCF_008634015.1,NZ_PDCL01000002,867,867,2383,36,63,known_family,melanin
NZ_PDCL01000002.1.region002,lanthipeptide-class-iv,RiPPs,GCF_008634015.1,NZ_PDCL01000002,2384,2384,2384,552,73,unknown_family,u_RiPPs_73
NZ_PDCL01000002.1.region003,terpene,Terpene,GCF_008634015.1,NZ_PDCL01000002,2385,2385,2385,,81,unknown_family,u_Terpene_81
NZ_PDCL01000002.1.region004,terpene,Terpene,GCF_008634015.1,NZ_PDCL01000002,1968,2386,627,,82,unknown_family,u_Terpene_82
NZ_PDCL01000002.1.region005,terpene,Terpene,GCF_008634015.1,NZ_PDCL01000002,1969,633,633,,77,unknown_family,u_Terpene_77
NZ_PDCL01000002.1.region006,terpene,Terpene,GCF_008634015.1,NZ_PDCL01000002,2263,2294,2294,,5,unknown_family,u_Terpene_5
NZ_PDCL01000002.1.region007,ectoine,Others,GCF_008634015.1,NZ_PDCL01000002,2389,2389,2389,36,2,known_family,ectoine
NZ_PDCL01000002.1.region008,butyrolactone.T2PKS.T1PKS,Others,GCF_008634015.1,NZ_PDCL01000002,2390,1943,2390,36,58,unknown_family,u_Others_58
NZ_PDCL01000002.1.region009,butyrolactone,Others,GCF_008634015.1,NZ_PDCL01000002,2297,2264,2033,36,4,unknown_family,u_Others_4
NZ_PDCL01000002.1.region010,RiPP-like,RiPPs,GCF_008634015.1,NZ_PDCL01000002,2015,2015,2015,552,9,unknown_family,u_RiPPs_9
NZ_PDCL01000002.1.region011,NRPS.NRPS-like.T2PKS.LAP,Others,GCF_008634015.1,NZ_PDCL01000002,2393,2393,2393,36,54,unknown_family,u_Others_54
NZ_PDCL01000002.1.region012,siderophore,Others,GCF_008634015.1,NZ_PDCL01000002,2014,2014,2014,36,6,unknown_family,u_Others_6
NZ_CP029196.1.region001,ectoine,Others,GCF_008639045.1,NZ_CP029196.1,1911,1911,1911,2045,2,known_family,ectoine
NZ_CP029196.1.region002,terpene,Terpene,GCF_008639045.1,NZ_CP029196.1,2109,2109,2109,,14,unknown_family,u_Terpene_14
NZ_CP029196.1.region003,T3PKS.NRPS.NRPS-like.T1PKS,PKS-NRP_Hybrids,GCF_008639045.1,NZ_CP029196.1,1913,1913,1913,,22,known_family,venemycin
NZ_CP029196.1.region004,terpene.lanthipeptide-class-ii,Others,GCF_008639045.1,NZ_CP029196.1,2111,2111,2111,36,20,unknown_family,u_Others_20
NZ_CP029196.1.region005,lanthipeptide-class-iv,RiPPs,GCF_008639045.1,NZ_CP029196.1,2399,2399,2399,552,17,known_family,venezuelin
NZ_CP029196.1.region006,indole,Others,GCF_008639045.1,NZ_CP029196.1,2143,2143,2143,36,26,unknown_family,u_Others_26
NZ_CP029196.1.region007,NRPS-like,NRPS,GCF_008639045.1,NZ_CP029196.1,1917,1917,1917,2175,23,known_family,chloramphenicol
NZ_CP029196.1.region008,CDPS,Others,GCF_008639045.1,NZ_CP029196.1,1918,1918,1918,36,10,unknown_family,u_Others_10
NZ_CP029196.1.region009,siderophore,Others,GCF_008639045.1,NZ_CP029196.1,1919,1919,1919,1919,1,known_family,desferrioxamin B;desferrioxamine E;desferrioxamine;desferrioxamine E;desferrioxamin B
NZ_CP029196.1.region010,NRPS-like,NRPS,GCF_008639045.1,NZ_CP029196.1,1981,1981,1981,2235,13,unknown_family,u_NRPS_13
NZ_CP029196.1.region011,butyrolactone,Others,GCF_008639045.1,NZ_CP029196.1,1982,1982,1982,36,24,unknown_family,u_Others_24
NZ_CP029196.1.region012,melanin,Others,GCF_008639045.1,NZ_CP029196.1,1983,1983,1983,36,3,unknown_family,u_Others_3
NZ_CP029196.1.region013,butyrolactone,Others,GCF_008639045.1,NZ_CP029196.1,2094,2094,2094,2094,11,unknown_family,u_Others_11
NZ_CP029196.1.region014,thiopeptide.LAP,RiPPs,GCF_008639045.1,NZ_CP029196.1,2239,2239,2239,552,18,unknown_family,u_RiPPs_18
NZ_CP029196.1.region015,T3PKS,PKSother,GCF_008639045.1,NZ_CP029196.1,2270,2270,2270,,12,unknown_family,u_PKSother_12
NZ_CP029196.1.region016,siderophore,Others,GCF_008639045.1,NZ_CP029196.1,2123,2123,2123,36,15,unknown_family,u_Others_15
NZ_CP029196.1.region017,siderophore,Others,GCF_008639045.1,NZ_CP029196.1,2014,2014,2014,36,6,unknown_family,u_Others_6
NZ_CP029196.1.region018,RiPP-like,RiPPs,GCF_008639045.1,NZ_CP029196.1,2125,2125,2125,552,30,unknown_family,u_RiPPs_30
NZ_CP029196.1.region019,butyrolactone.T2PKS,Others,GCF_008639045.1,NZ_CP029196.1,2297,2414,2414,36,4,unknown_family,u_Others_4
NZ_CP029196.1.region020,NAPAA,NRPS,GCF_008639045.1,NZ_CP029196.1,2415,2415,2415,2175,27,unknown_family,u_NRPS_27
NZ_CP029196.1.region021,NRPS-like.ladderane.thioamide-NRP.NRPS.RRE-containing,Others,GCF_008639045.1,NZ_CP029196.1,2416,2416,2416,2416,21,unknown_family,u_Others_21
NZ_CP029196.1.region022,terpene,Terpene,GCF_008639045.1,NZ_CP029196.1,2263,2294,2294,,5,unknown_family,u_Terpene_5
NZ_CP029196.1.region023,lanthipeptide-class-iii,RiPPs,GCF_008639045.1,NZ_CP029196.1,2418,2418,2418,2418,19,unknown_family,u_RiPPs_19
NZ_CP029196.1.region024,RiPP-like,RiPPs,GCF_008639045.1,NZ_CP029196.1,2131,2131,2131,552,28,unknown_family,u_RiPPs_28
NZ_CP029196.1.region025,T2PKS,PKSother,GCF_008639045.1,NZ_CP029196.1,1273,2163,2420,,16,known_family,BE-24566B;spore pigment;BE-24566B;zunyimycin A;curamycin
NZ_CP029196.1.region026,melanin,Others,GCF_008639045.1,NZ_CP029196.1,2421,2421,2421,2421,7,unknown_family,u_Others_7
NZ_CP029196.1.region027,NRPS,NRPS,GCF_008639045.1,NZ_CP029196.1,2422,2422,2422,2175,8,unknown_family,u_NRPS_8
NZ_CP029196.1.region028,terpene,Terpene,GCF_008639045.1,NZ_CP029196.1,2423,2423,2423,,31,unknown_family,u_Terpene_31
NZ_CP029196.1.region029,T3PKS,PKSother,GCF_008639045.1,NZ_CP029196.1,2136,2136,2136,,38,unknown_family,u_PKSother_38
NZ_CP029196.1.region030,NRPS.terpene,Others,GCF_008639045.1,NZ_CP029196.1,2079,2079,2079,36,25,unknown_family,u_Others_25
NZ_CP029197.1.region001,ectoine,Others,GCF_008639165.1,NZ_CP029197.1,1911,1911,1911,2045,2,known_family,ectoine
NZ_CP029197.1.region002,terpene,Terpene,GCF_008639165.1,NZ_CP029197.1,2109,2109,2109,,14,unknown_family,u_Terpene_14
NZ_CP029197.1.region003,T3PKS.NRPS.NRPS-like.T1PKS,PKS-NRP_Hybrids,GCF_008639165.1,NZ_CP029197.1,1913,1913,1913,,22,known_family,venemycin
NZ_CP029197.1.region004,terpene.lanthipeptide-class-ii,Others,GCF_008639165.1,NZ_CP029197.1,2111,2111,2111,36,20,unknown_family,u_Others_20
NZ_CP029197.1.region005,lanthipeptide-class-iv,RiPPs,GCF_008639165.1,NZ_CP029197.1,2399,2399,2399,552,17,known_family,venezuelin
NZ_CP029197.1.region006,indole,Others,GCF_008639165.1,NZ_CP029197.1,2143,2143,2143,36,26,unknown_family,u_Others_26
NZ_CP029197.1.region007,NRPS-like,NRPS,GCF_008639165.1,NZ_CP029197.1,1917,1917,1917,2175,23,known_family,chloramphenicol
NZ_CP029197.1.region008,CDPS,Others,GCF_008639165.1,NZ_CP029197.1,1918,1918,1918,36,10,unknown_family,u_Others_10
NZ_CP029197.1.region009,siderophore,Others,GCF_008639165.1,NZ_CP029197.1,1919,1919,1919,1919,1,known_family,desferrioxamin B;desferrioxamine E;desferrioxamine;desferrioxamine E;desferrioxamin B
NZ_CP029197.1.region010,lassopeptide,RiPPs,GCF_008639165.1,NZ_CP029197.1,1950,1950,1950,552,29,unknown_family,u_RiPPs_29
NZ_CP029197.1.region011,NRPS-like,NRPS,GCF_008639165.1,NZ_CP029197.1,1981,1981,1981,2235,13,unknown_family,u_NRPS_13
NZ_CP029197.1.region012,butyrolactone,Others,GCF_008639165.1,NZ_CP029197.1,1982,1982,1982,36,24,unknown_family,u_Others_24
NZ_CP029197.1.region013,melanin,Others,GCF_008639165.1,NZ_CP029197.1,1983,1983,1983,36,3,unknown_family,u_Others_3
NZ_CP029197.1.region014,butyrolactone,Others,GCF_008639165.1,NZ_CP029197.1,2094,2094,2094,2094,11,unknown_family,u_Others_11
NZ_CP029197.1.region015,thiopeptide.LAP,RiPPs,GCF_008639165.1,NZ_CP029197.1,2239,2239,2239,552,18,unknown_family,u_RiPPs_18
NZ_CP029197.1.region016,T3PKS,PKSother,GCF_008639165.1,NZ_CP029197.1,2270,2270,2270,,12,unknown_family,u_PKSother_12
NZ_CP029197.1.region017,siderophore,Others,GCF_008639165.1,NZ_CP029197.1,2123,2123,2123,36,15,unknown_family,u_Others_15
NZ_CP029197.1.region018,siderophore,Others,GCF_008639165.1,NZ_CP029197.1,2014,2014,2014,36,6,unknown_family,u_Others_6
NZ_CP029197.1.region019,RiPP-like,RiPPs,GCF_008639165.1,NZ_CP029197.1,2125,2125,2125,552,30,unknown_family,u_RiPPs_30
NZ_CP029197.1.region020,butyrolactone.T2PKS,Others,GCF_008639165.1,NZ_CP029197.1,2297,2414,2414,36,4,unknown_family,u_Others_4
NZ_CP029197.1.region021,NAPAA,NRPS,GCF_008639165.1,NZ_CP029197.1,2415,2415,2415,2175,27,unknown_family,u_NRPS_27
NZ_CP029197.1.region022,NRPS-like.ladderane.thioamide-NRP.NRPS.RRE-containing,Others,GCF_008639165.1,NZ_CP029197.1,2416,2416,2416,2416,21,unknown_family,u_Others_21
NZ_CP029197.1.region023,terpene,Terpene,GCF_008639165.1,NZ_CP029197.1,2263,2294,2294,,5,unknown_family,u_Terpene_5
NZ_CP029197.1.region024,lanthipeptide-class-iii,RiPPs,GCF_008639165.1,NZ_CP029197.1,2418,2418,2418,2418,19,unknown_family,u_RiPPs_19
NZ_CP029197.1.region025,RiPP-like,RiPPs,GCF_008639165.1,NZ_CP029197.1,2131,2131,2131,552,28,unknown_family,u_RiPPs_28
NZ_CP029197.1.region026,T2PKS,PKSother,GCF_008639165.1,NZ_CP029197.1,2420,2163,2420,,16,known_family,BE-24566B;spore pigment;BE-24566B;zunyimycin A;curamycin
NZ_CP029197.1.region027,melanin,Others,GCF_008639165.1,NZ_CP029197.1,2421,2421,2421,2421,7,unknown_family,u_Others_7
NZ_CP029197.1.region028,NRPS,NRPS,GCF_008639165.1,NZ_CP029197.1,2422,2422,2422,2175,8,unknown_family,u_NRPS_8
NZ_CP029197.1.region029,terpene,Terpene,GCF_008639165.1,NZ_CP029197.1,2423,2423,2423,,31,unknown_family,u_Terpene_31
NZ_CP029197.1.region030,T3PKS,PKSother,GCF_008639165.1,NZ_CP029197.1,2136,2136,2136,,38,unknown_family,u_PKSother_38
NZ_CP029197.1.region031,NRPS.terpene,Others,GCF_008639165.1,NZ_CP029197.1,2079,2079,2079,36,25,unknown_family,u_Others_25
NZ_CP029194.1.region001,NRPS,NRPS,GCF_008642375.1,NZ_CP029194.1,2049,2049,2049,2175,111,unknown_family,u_NRPS_111
NZ_CP029194.1.region002,NRPS-like,NRPS,GCF_008642375.1,NZ_CP029194.1,2050,2050,2050,2175,105,unknown_family,u_NRPS_105
NZ_CP029194.1.region003,terpene,Terpene,GCF_008642375.1,NZ_CP029194.1,2051,2051,2051,,134,unknown_family,u_Terpene_134
NZ_CP029194.1.region004,betalactone.NAPAA,Others,GCF_008642375.1,NZ_CP029194.1,2052,2052,2052,36,57,unknown_family,u_Others_57
NZ_CP029194.1.region005,NRPS.lanthipeptide-class-ii.T1PKS,Others,GCF_008642375.1,NZ_CP029194.1,2053,2053,2198,36,55,unknown_family,u_Others_55
NZ_CP029194.1.region006,lanthipeptide-class-iv,RiPPs,GCF_008642375.1,NZ_CP029194.1,2054,2054,2054,552,129,unknown_family,u_RiPPs_129
NZ_CP029194.1.region007,melanin.lanthipeptide-class-ii,Others,GCF_008642375.1,NZ_CP029194.1,2421,2421,2421,2421,7,unknown_family,u_Others_7
NZ_CP029194.1.region008,terpene,Terpene,GCF_008642375.1,NZ_CP029194.1,2263,2294,2294,,5,unknown_family,u_Terpene_5
NZ_CP029194.1.region009,transAT-PKS-like.NRPS-like.T1PKS,PKS-NRP_Hybrids,GCF_008642375.1,NZ_CP029194.1,2057,2057,2057,,64,unknown_family,u_PKS-NRP_Hybrids_64
NZ_CP029194.1.region010,butyrolactone,Others,GCF_008642375.1,NZ_CP029194.1,2297,2264,2033,36,4,unknown_family,u_Others_4
NZ_CP029194.1.region011,RiPP-like,RiPPs,GCF_008642375.1,NZ_CP029194.1,2015,2015,2015,552,9,unknown_family,u_RiPPs_9
NZ_CP029194.1.region012,T2PKS.oligosaccharide,Others,GCF_008642375.1,NZ_CP029194.1,2060,2060,2390,36,84,unknown_family,u_Others_84
NZ_CP029194.1.region013,siderophore,Others,GCF_008642375.1,NZ_CP029194.1,2014,2014,2014,36,6,unknown_family,u_Others_6
NZ_CP029194.1.region014,T3PKS,PKSother,GCF_008642375.1,NZ_CP029194.1,2270,2270,2270,,12,unknown_family,u_PKSother_12
NZ_CP029194.1.region015,other,Others,GCF_008642375.1,NZ_CP029194.1,2238,2238,2238,2238,11,unknown_family,u_Others_11
NZ_CP029194.1.region016,melanin,Others,GCF_008642375.1,NZ_CP029194.1,1983,1983,1983,36,3,unknown_family,u_Others_3
NZ_CP029194.1.region017,T1PKS,PKSI,GCF_008642375.1,NZ_CP029194.1,2065,2065,89,,46,known_family,methymycin
NZ_CP029194.1.region018,NRPS-like,NRPS,GCF_008642375.1,NZ_CP029194.1,2235,2235,2235,2235,13,unknown_family,u_NRPS_13
NZ_CP029194.1.region019,RRE-containing,RiPPs,GCF_008642375.1,NZ_CP029194.1,2067,2067,2067,552,128,unknown_family,u_RiPPs_128
NZ_CP029194.1.region020,LAP.thiopeptide,RiPPs,GCF_008642375.1,NZ_CP029194.1,2068,2068,2068,552,72,unknown_family,u_RiPPs_72
NZ_CP029194.1.region021,siderophore,Others,GCF_008642375.1,NZ_CP029194.1,2010,2010,2010,2010,1,known_family,desferrioxamin B;desferrioxamine E;desferrioxamine;desferrioxamine E;desferrioxamin B
NZ_CP029194.1.region022,PKS-like.RRE-containing.T1PKS,Others,GCF_008642375.1,NZ_CP029194.1,2180,2180,2070,36,56,unknown_family,u_Others_56
NZ_CP029194.1.region023,CDPS,Others,GCF_008642375.1,NZ_CP029194.1,1918,1918,1918,36,10,unknown_family,u_Others_10
NZ_CP029194.1.region024,T3PKS.T1PKS,PKSother,GCF_008642375.1,NZ_CP029194.1,2072,2072,2072,,99,unknown_family,u_PKSother_99
NZ_CP029194.1.region025,indole,Others,GCF_008642375.1,NZ_CP029194.1,2073,2073,2073,36,83,unknown_family,u_Others_83
NZ_CP029194.1.region026,lanthipeptide-class-iv,RiPPs,GCF_008642375.1,NZ_CP029194.1,2074,2399,2399,552,119,unknown_family,u_RiPPs_119
NZ_CP029194.1.region027,NRPS.RiPP-like,Others,GCF_008642375.1,NZ_CP029194.1,2075,2075,2075,36,97,unknown_family,u_Others_97
NZ_CP029194.1.region028,terpene,Terpene,GCF_008642375.1,NZ_CP029194.1,2109,2109,2109,,14,unknown_family,u_Terpene_14
NZ_CP029194.1.region029,ectoine.terpene,Others,GCF_008642375.1,NZ_CP029194.1,1911,1911,1911,2045,2,known_family,ectoine
NZ_CP029194.1.region030,terpene,Terpene,GCF_008642375.1,NZ_CP029194.1,2078,2170,2170,,130,unknown_family,u_Terpene_130
NZ_CP029195.1.region001,NRPS.terpene,Others,GCF_008705255.1,NZ_CP029195.1,2079,2079,2079,36,25,unknown_family,u_Others_25
NZ_CP029195.1.region002,terpene,Terpene,GCF_008705255.1,NZ_CP029195.1,2423,2423,2423,,31,unknown_family,u_Terpene_31
NZ_CP029195.1.region003,NRPS,NRPS,GCF_008705255.1,NZ_CP029195.1,2422,2422,2422,2175,8,unknown_family,u_NRPS_8
NZ_CP029195.1.region004,melanin,Others,GCF_008705255.1,NZ_CP029195.1,2421,2421,2421,2421,7,unknown_family,u_Others_7
NZ_CP029195.1.region005,RiPP-like,RiPPs,GCF_008705255.1,NZ_CP029195.1,2131,2131,2131,552,28,unknown_family,u_RiPPs_28
NZ_CP029195.1.region006,lanthipeptide-class-iii,RiPPs,GCF_008705255.1,NZ_CP029195.1,2418,2418,2418,2418,19,unknown_family,u_RiPPs_19
NZ_CP029195.1.region007,terpene,Terpene,GCF_008705255.1,NZ_CP029195.1,2263,2294,2294,,5,unknown_family,u_Terpene_5
NZ_CP029195.1.region008,NRPS-like.ladderane.thioamide-NRP.NRPS.RRE-containing,Others,GCF_008705255.1,NZ_CP029195.1,2416,2416,2416,2416,21,unknown_family,u_Others_21
NZ_CP029195.1.region009,NAPAA,NRPS,GCF_008705255.1,NZ_CP029195.1,2415,2415,2415,2175,27,unknown_family,u_NRPS_27
NZ_CP029195.1.region010,butyrolactone.T2PKS,Others,GCF_008705255.1,NZ_CP029195.1,2297,2414,2414,36,4,unknown_family,u_Others_4
NZ_CP029195.1.region011,RiPP-like,RiPPs,GCF_008705255.1,NZ_CP029195.1,2125,2125,2125,552,30,unknown_family,u_RiPPs_30
NZ_CP029195.1.region012,siderophore,Others,GCF_008705255.1,NZ_CP029195.1,2014,2014,2014,36,6,unknown_family,u_Others_6
NZ_CP029195.1.region013,siderophore,Others,GCF_008705255.1,NZ_CP029195.1,2123,2123,2123,36,15,unknown_family,u_Others_15
NZ_CP029195.1.region014,T3PKS,PKSother,GCF_008705255.1,NZ_CP029195.1,2270,2270,2270,,12,unknown_family,u_PKSother_12
NZ_CP029195.1.region015,LAP.thiopeptide,RiPPs,GCF_008705255.1,NZ_CP029195.1,2239,2239,2239,552,18,unknown_family,u_RiPPs_18
NZ_CP029195.1.region016,butyrolactone,Others,GCF_008705255.1,NZ_CP029195.1,2094,2094,2094,2094,11,unknown_family,u_Others_11
NZ_CP029195.1.region017,melanin,Others,GCF_008705255.1,NZ_CP029195.1,1983,1983,1983,36,3,unknown_family,u_Others_3
NZ_CP029195.1.region018,butyrolactone,Others,GCF_008705255.1,NZ_CP029195.1,1982,1982,1982,36,24,unknown_family,u_Others_24
NZ_CP029195.1.region019,NRPS-like,NRPS,GCF_008705255.1,NZ_CP029195.1,1981,1981,1981,2235,13,unknown_family,u_NRPS_13
NZ_CP029195.1.region020,lassopeptide,RiPPs,GCF_008705255.1,NZ_CP029195.1,1950,1950,1950,552,29,unknown_family,u_RiPPs_29
NZ_CP029195.1.region021,siderophore,Others,GCF_008705255.1,NZ_CP029195.1,1919,1919,1919,1919,1,known_family,desferrioxamin B;desferrioxamine E;desferrioxamine;desferrioxamine E;desferrioxamin B
NZ_CP029195.1.region022,CDPS,Others,GCF_008705255.1,NZ_CP029195.1,1918,1918,1918,36,10,unknown_family,u_Others_10
NZ_CP029195.1.region023,NRPS-like,NRPS,GCF_008705255.1,NZ_CP029195.1,1917,1917,1917,2175,23,known_family,chloramphenicol
NZ_CP029195.1.region024,indole,Others,GCF_008705255.1,NZ_CP029195.1,2143,2143,2143,36,26,unknown_family,u_Others_26
NZ_CP029195.1.region025,lanthipeptide-class-iv,RiPPs,GCF_008705255.1,NZ_CP029195.1,2399,2399,2399,552,17,known_family,venezuelin
NZ_CP029195.1.region026,terpene.lanthipeptide-class-ii,Others,GCF_008705255.1,NZ_CP029195.1,2111,2111,2111,36,20,unknown_family,u_Others_20
NZ_CP029195.1.region027,T3PKS.NRPS.NRPS-like.T1PKS,PKS-NRP_Hybrids,GCF_008705255.1,NZ_CP029195.1,1913,1913,1913,,22,known_family,venemycin
NZ_CP029195.1.region028,terpene,Terpene,GCF_008705255.1,NZ_CP029195.1,2109,2109,2109,,14,unknown_family,u_Terpene_14
NZ_CP029195.1.region029,ectoine,Others,GCF_008705255.1,NZ_CP029195.1,1911,1911,1911,2045,2,known_family,ectoine
NZ_CP023693.1.region001,terpene,Terpene,GCF_009299385.1,NZ_CP023693.1,2047,2047,2047,,44,unknown_family,u_Terpene_44
NZ_CP023693.1.region002,NRPS,NRPS,GCF_009299385.1,NZ_CP023693.1,2046,2046,2046,2175,39,unknown_family,u_NRPS_39
NZ_CP023693.1.region003,ectoine,Others,GCF_009299385.1,NZ_CP023693.1,2045,2045,2045,2045,2,known_family,ectoine
NZ_CP023693.1.region004,terpene,Terpene,GCF_009299385.1,NZ_CP023693.1,2044,2044,2044,,41,unknown_family,u_Terpene_41
NZ_CP023693.1.region005,NRPS,NRPS,GCF_009299385.1,NZ_CP023693.1,2043,2043,2043,2175,8,unknown_family,u_NRPS_8
NZ_CP023693.1.region006,terpene.T2PKS,Others,GCF_009299385.1,NZ_CP023693.1,2042,2042,2042,36,36,unknown_family,u_Others_36
NZ_CP023693.1.region007,LAP,RiPPs,GCF_009299385.1,NZ_CP023693.1,2008,2008,2008,552,76,unknown_family,u_RiPPs_76
NZ_CP023693.1.region008,T1PKS,PKSI,GCF_009299385.1,NZ_CP023693.1,2041,2041,2041,,32,unknown_family,u_PKSI_32
NZ_CP023693.1.region009,siderophore,Others,GCF_009299385.1,NZ_CP023693.1,2010,2010,2010,2010,1,known_family,desferrioxamin B;desferrioxamine E;desferrioxamine;desferrioxamine E;desferrioxamin B
NZ_CP023693.1.region010,NRPS.RRE-containing.T1PKS,Others,GCF_009299385.1,NZ_CP023693.1,2011,2011,2011,36,35,unknown_family,u_Others_35
NZ_CP023693.1.region011,phenazine.NRPS,Others,GCF_009299385.1,NZ_CP023693.1,2012,2012,2012,36,33,unknown_family,u_Others_33
NZ_CP023693.1.region012,melanin,Others,GCF_009299385.1,NZ_CP023693.1,2332,2332,2332,36,3,unknown_family,u_Others_3
NZ_CP023693.1.region013,siderophore,Others,GCF_009299385.1,NZ_CP023693.1,2014,2014,2014,36,6,unknown_family,u_Others_6
NZ_CP023693.1.region014,RiPP-like,RiPPs,GCF_009299385.1,NZ_CP023693.1,2015,2015,2015,552,9,unknown_family,u_RiPPs_9
NZ_CP023693.1.region015,terpene,Terpene,GCF_009299385.1,NZ_CP023693.1,2034,2034,2321,,40,unknown_family,u_Terpene_40
NZ_CP023693.1.region016,NRPS.butyrolactone,Others,GCF_009299385.1,NZ_CP023693.1,2322,2322,2033,36,4,unknown_family,u_Others_4
NZ_CP023693.1.region017,T2PKS.oligosaccharide,Others,GCF_009299385.1,NZ_CP023693.1,2323,2323,2032,36,34,unknown_family,u_Others_34
NZ_CP023693.1.region018,butyrolactone.furan,Others,GCF_009299385.1,NZ_CP023693.1,2324,2324,2324,36,37,unknown_family,u_Others_37
NZ_CP023693.1.region019,terpene,Terpene,GCF_009299385.1,NZ_CP023693.1,2263,2294,2294,,5,unknown_family,u_Terpene_5
NZ_CP023693.1.region020,nucleoside,Others,GCF_009299385.1,NZ_CP023693.1,2326,2326,2326,36,48,unknown_family,u_Others_48
NZ_CP023693.1.region021,terpene,Terpene,GCF_009299385.1,NZ_CP023693.1,2207,2207,2207,,42,unknown_family,u_Terpene_42
NZ_CP023693.1.region022,NRPS,NRPS,GCF_009299385.1,NZ_CP023693.1,2023,2206,2206,2175,45,unknown_family,u_NRPS_45
NZ_CP023693.1.region023,melanin,Others,GCF_009299385.1,NZ_CP023693.1,2205,2205,2205,2205,7,unknown_family,u_Others_7
NZ_CP023693.1.region024,terpene,Terpene,GCF_009299385.1,NZ_CP023693.1,2365,2365,2365,,43,unknown_family,u_Terpene_43
NZ_WWHE01000001.1.region001,ectoine,Others,GCF_009862215.1,NZ_WWHE01000001,1911,1911,1911,2045,2,known_family,ectoine
NZ_WWHE01000001.1.region002,terpene,Terpene,GCF_009862215.1,NZ_WWHE01000001,2109,2109,2109,,14,unknown_family,u_Terpene_14
NZ_WWHE01000001.1.region003,T3PKS.NRPS.NRPS-like.T1PKS,PKS-NRP_Hybrids,GCF_009862215.1,NZ_WWHE01000001,1913,1913,1913,,22,known_family,venemycin
NZ_WWHE01000001.1.region004,terpene.lanthipeptide-class-ii,Others,GCF_009862215.1,NZ_WWHE01000001,2111,2111,2111,36,20,unknown_family,u_Others_20
NZ_WWHE01000001.1.region005,lanthipeptide-class-iv,RiPPs,GCF_009862215.1,NZ_WWHE01000001,2399,2399,2399,552,17,known_family,venezuelin
NZ_WWHE01000001.1.region006,indole,Others,GCF_009862215.1,NZ_WWHE01000001,2143,2143,2143,36,26,unknown_family,u_Others_26
NZ_WWHE01000001.1.region007,NRPS-like,NRPS,GCF_009862215.1,NZ_WWHE01000001,1917,1917,1917,2175,23,known_family,chloramphenicol
NZ_WWHE01000001.1.region008,CDPS,Others,GCF_009862215.1,NZ_WWHE01000001,1918,1918,1918,36,10,unknown_family,u_Others_10
NZ_WWHE01000001.1.region009,siderophore,Others,GCF_009862215.1,NZ_WWHE01000001,1919,1919,1919,1919,1,known_family,desferrioxamin B;desferrioxamine E;desferrioxamine;desferrioxamine E;desferrioxamin B
NZ_WWHE01000001.1.region010,lassopeptide,RiPPs,GCF_009862215.1,NZ_WWHE01000001,1950,1950,1950,552,29,unknown_family,u_RiPPs_29
NZ_WWHE01000001.1.region011,NRPS-like,NRPS,GCF_009862215.1,NZ_WWHE01000001,1981,1981,1981,2235,13,unknown_family,u_NRPS_13
NZ_WWHE01000001.1.region012,butyrolactone,Others,GCF_009862215.1,NZ_WWHE01000001,1982,1982,1982,36,24,unknown_family,u_Others_24
NZ_WWHE01000001.1.region013,melanin,Others,GCF_009862215.1,NZ_WWHE01000001,1983,1983,1983,36,3,unknown_family,u_Others_3
NZ_WWHE01000001.1.region014,butyrolactone,Others,GCF_009862215.1,NZ_WWHE01000001,2094,2094,2094,2094,11,unknown_family,u_Others_11
NZ_WWHE01000001.1.region015,thiopeptide.LAP,RiPPs,GCF_009862215.1,NZ_WWHE01000001,2239,2239,2239,552,18,unknown_family,u_RiPPs_18
NZ_WWHE01000001.1.region016,T3PKS,PKSother,GCF_009862215.1,NZ_WWHE01000001,2270,2270,2270,,12,unknown_family,u_PKSother_12
NZ_WWHE01000001.1.region017,siderophore,Others,GCF_009862215.1,NZ_WWHE01000001,2123,2123,2123,36,15,unknown_family,u_Others_15
NZ_WWHE01000001.1.region018,siderophore,Others,GCF_009862215.1,NZ_WWHE01000001,2014,2014,2014,36,6,unknown_family,u_Others_6
NZ_WWHE01000001.1.region019,RiPP-like,RiPPs,GCF_009862215.1,NZ_WWHE01000001,2125,2125,2125,552,30,unknown_family,u_RiPPs_30
NZ_WWHE01000001.1.region020,butyrolactone.T2PKS,Others,GCF_009862215.1,NZ_WWHE01000001,2297,2414,2414,36,4,unknown_family,u_Others_4
NZ_WWHE01000001.1.region021,NAPAA,NRPS,GCF_009862215.1,NZ_WWHE01000001,2415,2415,2415,2175,27,unknown_family,u_NRPS_27
NZ_WWHE01000001.1.region022,NRPS-like.ladderane.thioamide-NRP.NRPS.RRE-containing,Others,GCF_009862215.1,NZ_WWHE01000001,2416,2416,2416,2416,21,unknown_family,u_Others_21
NZ_WWHE01000001.1.region023,terpene,Terpene,GCF_009862215.1,NZ_WWHE01000001,2263,2294,2294,,5,unknown_family,u_Terpene_5
NZ_WWHE01000001.1.region024,lanthipeptide-class-iii,RiPPs,GCF_009862215.1,NZ_WWHE01000001,2418,2418,2418,2418,19,unknown_family,u_RiPPs_19
NZ_WWHE01000001.1.region025,RiPP-like,RiPPs,GCF_009862215.1,NZ_WWHE01000001,2131,2131,2131,552,28,unknown_family,u_RiPPs_28
NZ_WWHE01000001.1.region026,T2PKS,PKSother,GCF_009862215.1,NZ_WWHE01000001,2420,2163,2420,,16,known_family,BE-24566B;spore pigment;BE-24566B;zunyimycin A;curamycin
NZ_WWHE01000001.1.region027,melanin,Others,GCF_009862215.1,NZ_WWHE01000001,2421,2421,2421,2421,7,unknown_family,u_Others_7
NZ_WWHE01000001.1.region028,NRPS,NRPS,GCF_009862215.1,NZ_WWHE01000001,2422,2422,2422,2175,8,unknown_family,u_NRPS_8
NZ_WWHE01000001.1.region029,terpene,Terpene,GCF_009862215.1,NZ_WWHE01000001,2423,2423,2423,,31,unknown_family,u_Terpene_31
NZ_WWHE01000001.1.region030,T3PKS,PKSother,GCF_009862215.1,NZ_WWHE01000001,2136,2136,2136,,38,unknown_family,u_PKSother_38
NZ_WWHE01000001.1.region031,NRPS.terpene,Others,GCF_009862215.1,NZ_WWHE01000001,2079,2079,2079,36,25,unknown_family,u_Others_25
NZ_JAAMPB010000001.1.region001,melanin,Others,GCF_011758705.1,c00001_NZ_JAAM..,2332,2332,2332,36,3,unknown_family,u_Others_3
NZ_JAAMPB010000001.1.region002,phenazine.NRPS,Others,GCF_011758705.1,c00001_NZ_JAAM..,2012,2012,2012,36,33,unknown_family,u_Others_33
NZ_JAAMPB010000001.1.region003,NRPS.RRE-containing.T1PKS,Others,GCF_011758705.1,c00001_NZ_JAAM..,2011,2011,2011,36,35,unknown_family,u_Others_35
NZ_JAAMPB010000001.1.region004,siderophore,Others,GCF_011758705.1,c00001_NZ_JAAM..,2010,2010,2010,2010,1,known_family,desferrioxamin B;desferrioxamine E;desferrioxamine;desferrioxamine E;desferrioxamin B
NZ_JAAMPB010000002.1.region001,melanin,Others,GCF_011758705.1,c00002_NZ_JAAM..,2205,2205,2205,2205,7,unknown_family,u_Others_7
NZ_JAAMPB010000002.1.region002,NRPS,NRPS,GCF_011758705.1,c00002_NZ_JAAM..,2023,2206,2206,2175,45,unknown_family,u_NRPS_45
NZ_JAAMPB010000002.1.region003,terpene,Terpene,GCF_011758705.1,c00002_NZ_JAAM..,2207,2207,2207,,42,unknown_family,u_Terpene_42
NZ_JAAMPB010000002.1.region004,nucleoside,Others,GCF_011758705.1,c00002_NZ_JAAM..,2326,2326,2326,36,48,unknown_family,u_Others_48
NZ_JAAMPB010000002.1.region005,terpene,Terpene,GCF_011758705.1,c00002_NZ_JAAM..,2263,2294,2294,,5,unknown_family,u_Terpene_5
NZ_JAAMPB010000002.1.region006,butyrolactone.furan,Others,GCF_011758705.1,c00002_NZ_JAAM..,2324,2324,2324,36,37,unknown_family,u_Others_37
NZ_JAAMPB010000002.1.region007,T2PKS.oligosaccharide,Others,GCF_011758705.1,c00002_NZ_JAAM..,2323,2323,2032,36,34,unknown_family,u_Others_34
NZ_JAAMPB010000002.1.region008,NRPS.butyrolactone,Others,GCF_011758705.1,c00002_NZ_JAAM..,2322,2322,2033,36,4,unknown_family,u_Others_4
NZ_JAAMPB010000002.1.region009,terpene,Terpene,GCF_011758705.1,c00002_NZ_JAAM..,2034,2034,2321,,40,unknown_family,u_Terpene_40
NZ_JAAMPB010000002.1.region010,RiPP-like,RiPPs,GCF_011758705.1,c00002_NZ_JAAM..,2015,2015,2015,552,9,unknown_family,u_RiPPs_9
NZ_JAAMPB010000003.1.region001,T1PKS,PKSI,GCF_011758705.1,c00003_NZ_JAAM..,2041,2041,2041,,32,unknown_family,u_PKSI_32
NZ_JAAMPB010000003.1.region002,LAP,RiPPs,GCF_011758705.1,c00003_NZ_JAAM..,2008,2008,2008,552,76,unknown_family,u_RiPPs_76
NZ_JAAMPB010000003.1.region003,terpene.T2PKS,Others,GCF_011758705.1,c00003_NZ_JAAM..,2042,2042,2042,36,36,unknown_family,u_Others_36
NZ_JAAMPB010000003.1.region004,NRPS,NRPS,GCF_011758705.1,c00003_NZ_JAAM..,2043,2043,2043,2175,8,unknown_family,u_NRPS_8
NZ_JAAMPB010000003.1.region005,terpene,Terpene,GCF_011758705.1,c00003_NZ_JAAM..,2044,2044,2044,,41,unknown_family,u_Terpene_41
NZ_JAAMPB010000003.1.region006,ectoine,Others,GCF_011758705.1,c00003_NZ_JAAM..,2045,2045,2045,2045,2,known_family,ectoine
NZ_JAAMPB010000003.1.region007,NRPS,NRPS,GCF_011758705.1,c00003_NZ_JAAM..,2046,2046,2046,2175,39,unknown_family,u_NRPS_39
NZ_JAAMPB010000004.1.region001,terpene,Terpene,GCF_011758705.1,c00004_NZ_JAAM..,2365,2365,2365,,43,unknown_family,u_Terpene_43
NZ_JAAMPB010000007.1.region001,terpene,Terpene,GCF_011758705.1,c00007_NZ_JAAM..,2047,2047,2047,,44,unknown_family,u_Terpene_44
NZ_BNBE01000001.1.region001,ectoine,Others,GCF_014654895.1,NZ_BNBE01000001,2389,2389,2389,36,2,known_family,ectoine
NZ_BNBE01000001.1.region002,butyrolactone.T2PKS.T1PKS,Others,GCF_014654895.1,NZ_BNBE01000001,2390,1943,2390,36,58,unknown_family,u_Others_58
NZ_BNBE01000001.1.region003,butyrolactone,Others,GCF_014654895.1,NZ_BNBE01000001,2297,2264,2033,36,4,unknown_family,u_Others_4
NZ_BNBE01000001.1.region004,RiPP-like,RiPPs,GCF_014654895.1,NZ_BNBE01000001,2015,2015,2015,552,9,unknown_family,u_RiPPs_9
NZ_BNBE01000001.1.region005,NRPS.NRPS-like.T2PKS.LAP,Others,GCF_014654895.1,NZ_BNBE01000001,2393,2393,2393,36,54,unknown_family,u_Others_54
NZ_BNBE01000001.1.region006,siderophore,Others,GCF_014654895.1,NZ_BNBE01000001,2014,2014,2014,36,6,unknown_family,u_Others_6
NZ_BNBE01000001.1.region007,T3PKS,PKSother,GCF_014654895.1,NZ_BNBE01000001,2270,2270,2270,,12,unknown_family,u_PKSother_12
NZ_BNBE01000001.1.region008,melanin,Others,GCF_014654895.1,NZ_BNBE01000001,1983,1983,1983,36,3,unknown_family,u_Others_3
NZ_BNBE01000001.1.region009,lassopeptide,RiPPs,GCF_014654895.1,NZ_BNBE01000001,1950,1950,1950,552,29,unknown_family,u_RiPPs_29
NZ_BNBE01000001.1.region010,siderophore,Others,GCF_014654895.1,NZ_BNBE01000001,2010,2010,2010,2010,1,known_family,desferrioxamin B;desferrioxamine E;desferrioxamine;desferrioxamine E;desferrioxamin B
NZ_BNBE01000001.1.region011,NRPS-like,NRPS,GCF_014654895.1,NZ_BNBE01000001,1952,1952,1952,2175,69,unknown_family,u_NRPS_69
NZ_BNBE01000002.1.region001,guanidinotides,RiPPs,GCF_014654895.1,NZ_BNBE01000002,1953,1953,1953,552,125,unknown_family,u_RiPPs_125
NZ_BNBE01000002.1.region002,terpene,Terpene,GCF_014654895.1,NZ_BNBE01000002,1954,1954,1954,,140,unknown_family,u_Terpene_140
NZ_BNBE01000002.1.region003,lanthipeptide-class-iii,RiPPs,GCF_014654895.1,NZ_BNBE01000002,2370,2370,2370,552,75,unknown_family,u_RiPPs_75
NZ_BNBE01000002.1.region004,NRPS.T1PKS,PKS-NRP_Hybrids,GCF_014654895.1,NZ_BNBE01000002,1613,949,949,,49,known_family,pactamides
NZ_BNBE01000002.1.region005,NRPS,NRPS,GCF_014654895.1,NZ_BNBE01000002,2372,2372,2372,2175,70,unknown_family,u_NRPS_70
NZ_BNBE01000002.1.region006,terpene,Terpene,GCF_014654895.1,NZ_BNBE01000002,2373,2109,2109,,80,unknown_family,u_Terpene_80
NZ_BNBE01000002.1.region007,RiPP-like,RiPPs,GCF_014654895.1,NZ_BNBE01000002,2374,1959,1959,552,74,unknown_family,u_RiPPs_74
NZ_BNBE01000002.1.region008,ectoine,Others,GCF_014654895.1,NZ_BNBE01000002,2389,2389,2389,36,2,known_family,ectoine
NZ_BNBE01000002.1.region009,betalactone,Others,GCF_014654895.1,NZ_BNBE01000002,2376,2275,2275,36,61,unknown_family,u_Others_61
NZ_BNBE01000002.1.region010,butyrolactone,Others,GCF_014654895.1,NZ_BNBE01000002,2377,2377,2377,36,53,unknown_family,u_Others_53
NZ_BNBE01000002.1.region011,arylpolyene.NRPS-like.terpene,Others,GCF_014654895.1,NZ_BNBE01000002,1963,1963,1963,36,93,unknown_family,u_Others_93
NZ_BNBE01000002.1.region012,nucleoside,Others,GCF_014654895.1,NZ_BNBE01000002,1964,1964,1964,36,89,unknown_family,u_Others_89
NZ_BNBE01000003.1.region001,lassopeptide,RiPPs,GCF_014654895.1,NZ_BNBE01000003,1965,1965,1965,552,126,unknown_family,u_RiPPs_126
NZ_BNBE01000004.1.region001,lanthipeptide-class-iv,RiPPs,GCF_014654895.1,NZ_BNBE01000004,2384,2384,2384,552,73,unknown_family,u_RiPPs_73
NZ_BNBE01000004.1.region002,terpene,Terpene,GCF_014654895.1,NZ_BNBE01000004,2385,2385,2385,,81,unknown_family,u_Terpene_81
NZ_BNBE01000004.1.region003,terpene,Terpene,GCF_014654895.1,NZ_BNBE01000004,1968,2386,627,,82,unknown_family,u_Terpene_82
NZ_BNBE01000004.1.region004,terpene,Terpene,GCF_014654895.1,NZ_BNBE01000004,1969,633,633,,77,unknown_family,u_Terpene_77
NZ_BNBE01000005.1.region001,terpene,Terpene,GCF_014654895.1,NZ_BNBE01000005,2263,2294,2294,,5,unknown_family,u_Terpene_5
NZ_CP059991.1.region001,NRPS-like,NRPS,GCF_015710995.1,NZ_CP059991.1,2169,2169,2169,2175,114,unknown_family,u_NRPS_114
NZ_CP059991.1.region002,terpene,Terpene,GCF_015710995.1,NZ_CP059991.1,2170,2170,2170,,132,unknown_family,u_Terpene_132
NZ_CP059991.1.region003,ectoine,Others,GCF_015710995.1,NZ_CP059991.1,2045,2045,2045,2045,2,known_family,ectoine
NZ_CP059991.1.region004,terpene.T2PKS,Others,GCF_015710995.1,NZ_CP059991.1,2172,2172,2172,36,96,unknown_family,u_Others_96
NZ_CP059991.1.region005,T3PKS.terpene,Others,GCF_015710995.1,NZ_CP059991.1,2173,2173,2173,36,95,unknown_family,u_Others_95
NZ_CP059991.1.region006,RiPP-like,RiPPs,GCF_015710995.1,NZ_CP059991.1,2174,2174,2174,552,52,unknown_family,u_RiPPs_52
NZ_CP059991.1.region007,NRPS,NRPS,GCF_015710995.1,NZ_CP059991.1,2175,2175,2175,2175,8,unknown_family,u_NRPS_8
NZ_CP059991.1.region008,NRPS.lanthipeptide-class-iv,Others,GCF_015710995.1,NZ_CP059991.1,2176,2176,2176,36,86,unknown_family,u_Others_86
NZ_CP059991.1.region009,T3PKS,PKSother,GCF_015710995.1,NZ_CP059991.1,2177,2177,2177,,102,unknown_family,u_PKSother_102
NZ_CP059991.1.region010,indole,Others,GCF_015710995.1,NZ_CP059991.1,2178,2073,2073,36,88,unknown_family,u_Others_88
NZ_CP059991.1.region011,CDPS,Others,GCF_015710995.1,NZ_CP059991.1,1918,1918,1918,36,10,unknown_family,u_Others_10
NZ_CP059991.1.region012,RRE-containing.T2PKS.T1PKS.PKS-like,Others,GCF_015710995.1,NZ_CP059991.1,2180,2180,2070,36,56,unknown_family,u_Others_56
NZ_CP059991.1.region013,lanthipeptide-class-i,RiPPs,GCF_015710995.1,NZ_CP059991.1,2181,2181,2181,552,118,unknown_family,u_RiPPs_118
NZ_CP059991.1.region014,siderophore,Others,GCF_015710995.1,NZ_CP059991.1,1919,1919,1919,1919,1,known_family,desferrioxamin B;desferrioxamine E;desferrioxamine;desferrioxamine E;desferrioxamin B
NZ_CP059991.1.region015,LAP.thiopeptide,RiPPs,GCF_015710995.1,NZ_CP059991.1,2068,2068,2068,552,72,unknown_family,u_RiPPs_72
NZ_CP059991.1.region016,NRPS,NRPS,GCF_015710995.1,NZ_CP059991.1,2184,2184,2184,2175,113,unknown_family,u_NRPS_113
NZ_CP059991.1.region017,cyanobactin,RiPPs,GCF_015710995.1,NZ_CP059991.1,2185,2185,2185,552,121,unknown_family,u_RiPPs_121
NZ_CP059991.1.region018,NRPS-like,NRPS,GCF_015710995.1,NZ_CP059991.1,2235,2235,2235,2235,13,unknown_family,u_NRPS_13
NZ_CP059991.1.region019,T1PKS,PKSI,GCF_015710995.1,NZ_CP059991.1,2065,2065,89,,46,known_family,methymycin
NZ_CP059991.1.region020,melanin,Others,GCF_015710995.1,NZ_CP059991.1,1983,1983,1983,36,3,unknown_family,u_Others_3
NZ_CP059991.1.region021,other,Others,GCF_015710995.1,NZ_CP059991.1,2238,2238,2238,2238,11,unknown_family,u_Others_11
NZ_CP059991.1.region022,siderophore,Others,GCF_015710995.1,NZ_CP059991.1,2014,2014,2014,36,6,unknown_family,u_Others_6
NZ_CP059991.1.region023,RiPP-like,RiPPs,GCF_015710995.1,NZ_CP059991.1,2015,2015,2015,552,9,unknown_family,u_RiPPs_9
NZ_CP059991.1.region024,butyrolactone,Others,GCF_015710995.1,NZ_CP059991.1,2297,2264,2033,36,4,unknown_family,u_Others_4
NZ_CP059991.1.region025,transAT-PKS-like.NRPS-like.T1PKS,PKS-NRP_Hybrids,GCF_015710995.1,NZ_CP059991.1,2057,2057,2057,,64,unknown_family,u_PKS-NRP_Hybrids_64
NZ_CP059991.1.region026,terpene,Terpene,GCF_015710995.1,NZ_CP059991.1,2263,2294,2294,,5,unknown_family,u_Terpene_5
NZ_CP059991.1.region027,lanthipeptide-class-iii.RiPP-like,RiPPs,GCF_015710995.1,NZ_CP059991.1,2195,2195,2195,552,115,unknown_family,u_RiPPs_115
NZ_CP059991.1.region028,melanin.lanthipeptide-class-ii,Others,GCF_015710995.1,NZ_CP059991.1,2421,2421,2421,2421,7,unknown_family,u_Others_7
NZ_CP059991.1.region029,lanthipeptide-class-iv.NRPS.T1PKS,Others,GCF_015710995.1,NZ_CP059991.1,2197,2197,2197,36,92,unknown_family,u_Others_92
NZ_CP059991.1.region030,NRPS.T1PKS.lanthipeptide-class-ii,Others,GCF_015710995.1,NZ_CP059991.1,2053,2053,2198,36,55,unknown_family,u_Others_55
NZ_CP059991.1.region031,betalactone.NAPAA,Others,GCF_015710995.1,NZ_CP059991.1,2052,2052,2052,36,57,unknown_family,u_Others_57
NZ_CP059991.1.region032,terpene,Terpene,GCF_015710995.1,NZ_CP059991.1,2200,2200,2200,,137,unknown_family,u_Terpene_137
NZ_JAGIPC010000001.1.region001,terpene,Terpene,GCF_017877015.1,c00001_NZ_JAGI..,2224,2224,2224,,138,unknown_family,u_Terpene_138
NZ_JAGIPC010000001.1.region002,terpene,Terpene,GCF_017877015.1,c00001_NZ_JAGI..,2225,633,633,,79,unknown_family,u_Terpene_79
NZ_JAGIPC010000001.1.region003,NRPS-like.T1PKS,PKS-NRP_Hybrids,GCF_017877015.1,c00001_NZ_JAGI..,2226,2226,2226,,66,unknown_family,u_PKS-NRP_Hybrids_66
NZ_JAGIPC010000001.1.region004,terpene,Terpene,GCF_017877015.1,c00001_NZ_JAGI..,2227,2227,2227,,78,unknown_family,u_Terpene_78
NZ_JAGIPC010000001.1.region005,CDPS,Others,GCF_017877015.1,c00001_NZ_JAGI..,2315,2315,2315,36,60,unknown_family,u_Others_60
NZ_JAGIPC010000001.1.region006,NRPS.T1PKS,PKS-NRP_Hybrids,GCF_017877015.1,c00001_NZ_JAGI..,2314,2314,2314,,67,unknown_family,u_PKS-NRP_Hybrids_67
NZ_JAGIPC010000001.1.region007,ectoine,Others,GCF_017877015.1,c00001_NZ_JAGI..,1911,1911,1911,2045,2,known_family,ectoine
NZ_JAGIPC010000001.1.region008,terpene,Terpene,GCF_017877015.1,c00001_NZ_JAGI..,2109,2109,2109,,14,unknown_family,u_Terpene_14
NZ_JAGIPC010000001.1.region009,terpene.NAPAA.lanthipeptide-class-ii,Others,GCF_017877015.1,c00001_NZ_JAGI..,2232,2111,2111,36,62,unknown_family,u_Others_62
NZ_JAGIPC010000001.1.region010,CDPS,Others,GCF_017877015.1,c00001_NZ_JAGI..,1918,1918,1918,36,10,unknown_family,u_Others_10
NZ_JAGIPC010000001.1.region011,siderophore,Others,GCF_017877015.1,c00001_NZ_JAGI..,1919,1919,1919,1919,1,known_family,desferrioxamin B;desferrioxamine E;desferrioxamine;desferrioxamine E;desferrioxamin B
NZ_JAGIPC010000001.1.region012,NRPS-like,NRPS,GCF_017877015.1,c00001_NZ_JAGI..,2235,2235,2235,2235,13,unknown_family,u_NRPS_13
NZ_JAGIPC010000001.1.region013,linaridin,RiPPs,GCF_017877015.1,c00001_NZ_JAGI..,2236,2306,2236,552,120,unknown_family,u_RiPPs_120
NZ_JAGIPC010000001.1.region014,melanin,Others,GCF_017877015.1,c00001_NZ_JAGI..,1983,1983,1983,36,3,unknown_family,u_Others_3
NZ_JAGIPC010000001.1.region015,butyrolactone,Others,GCF_017877015.1,c00001_NZ_JAGI..,2238,2238,2238,2238,11,unknown_family,u_Others_11
NZ_JAGIPC010000001.1.region016,thiopeptide.LAP,RiPPs,GCF_017877015.1,c00001_NZ_JAGI..,2239,2239,2239,552,18,unknown_family,u_RiPPs_18
NZ_JAGIPC010000001.1.region017,siderophore,Others,GCF_017877015.1,c00001_NZ_JAGI..,2302,2302,2302,36,15,unknown_family,u_Others_15
NZ_JAGIPC010000001.1.region018,siderophore,Others,GCF_017877015.1,c00001_NZ_JAGI..,2014,2014,2014,36,6,unknown_family,u_Others_6
NZ_JAGIPC010000001.1.region019,NRPS,NRPS,GCF_017877015.1,c00001_NZ_JAGI..,2242,2242,2242,2175,71,unknown_family,u_NRPS_71
NZ_JAGIPC010000001.1.region020,NRPS,NRPS,GCF_017877015.1,c00001_NZ_JAGI..,2299,2299,2299,2175,51,unknown_family,u_NRPS_51
NZ_JAGIPC010000001.1.region021,RiPP-like,RiPPs,GCF_017877015.1,c00001_NZ_JAGI..,2015,2015,2015,552,9,unknown_family,u_RiPPs_9
NZ_JAGIPC010000001.1.region022,butyrolactone,Others,GCF_017877015.1,c00001_NZ_JAGI..,2297,2414,2414,36,4,unknown_family,u_Others_4
NZ_JAGIPC010000001.1.region023,NRPS.T1PKS,PKS-NRP_Hybrids,GCF_017877015.1,c00001_NZ_JAGI..,2296,2296,2296,,68,unknown_family,u_PKS-NRP_Hybrids_68
NZ_JAGIPC010000001.1.region024,RRE-containing.T2PKS,Others,GCF_017877015.1,c00001_NZ_JAGI..,671,671,2295,36,47,known_family,kanamycin
NZ_JAGIPC010000001.1.region025,terpene,Terpene,GCF_017877015.1,c00001_NZ_JAGI..,2263,2294,2294,,5,unknown_family,u_Terpene_5
NZ_JAGIPC010000001.1.region026,RiPP-like,RiPPs,GCF_017877015.1,c00001_NZ_JAGI..,2174,2131,2131,552,52,unknown_family,u_RiPPs_52
NZ_JAGIPC010000001.1.region027,lanthipeptide-class-iii,RiPPs,GCF_017877015.1,c00001_NZ_JAGI..,2292,2292,2292,2418,19,unknown_family,u_RiPPs_19
NZ_JAGIPC010000001.1.region028,melanin,Others,GCF_017877015.1,c00001_NZ_JAGI..,2421,2421,2421,2421,7,unknown_family,u_Others_7
NZ_JAGIPC010000001.1.region029,NRPS,NRPS,GCF_017877015.1,c00001_NZ_JAGI..,2422,2422,2422,2175,8,unknown_family,u_NRPS_8
NZ_JAGIPC010000001.1.region030,terpene,Terpene,GCF_017877015.1,c00001_NZ_JAGI..,2253,2253,627,,139,unknown_family,u_Terpene_139
NZ_JAGIPC010000001.1.region031,NRPS.T2PKS,PKS-NRP_Hybrids,GCF_017877015.1,c00001_NZ_JAGI..,2288,2288,2288,,65,unknown_family,u_PKS-NRP_Hybrids_65
NZ_JAGIPC010000001.1.region032,lanthipeptide-class-iv,RiPPs,GCF_017877015.1,c00001_NZ_JAGI..,2255,2255,2255,552,17,known_family,venezuelin
NZ_JAIHBQ010000002.1.region001,arylpolyene.NRPS-like.butyrolactone.T1PKS,Others,GCF_019733325.1,c00001_NZ_JAIH..,2285,2285,2285,36,87,unknown_family,u_Others_87
NZ_JAIHBQ010000001.1.region001,T2PKS,PKSother,GCF_019733325.1,c00002_NZ_JAIH..,1411,1411,2256,,50,known_family,anthrabenzoxocinone;spore pigment
NZ_JAIHBQ010000001.1.region002,terpene,Terpene,GCF_019733325.1,c00002_NZ_JAIH..,2257,2257,2257,,131,unknown_family,u_Terpene_131
NZ_JAIHBQ010000001.1.region003,NRPS,NRPS,GCF_019733325.1,c00002_NZ_JAIH..,2422,2422,2422,2175,8,unknown_family,u_NRPS_8
NZ_JAIHBQ010000001.1.region004,ladderane,Others,GCF_019733325.1,c00002_NZ_JAIH..,2259,2259,2259,36,91,unknown_family,u_Others_91
NZ_JAIHBQ010000001.1.region005,melanin,Others,GCF_019733325.1,c00002_NZ_JAIH..,2205,2205,2421,2205,7,unknown_family,u_Others_7
NZ_JAIHBQ010000001.1.region006,lanthipeptide-class-iii,RiPPs,GCF_019733325.1,c00002_NZ_JAIH..,2261,2261,2261,552,127,unknown_family,u_RiPPs_127
NZ_JAIHBQ010000001.1.region007,NRPS-like,NRPS,GCF_019733325.1,c00002_NZ_JAIH..,2262,2262,2262,2175,106,unknown_family,u_NRPS_106
NZ_JAIHBQ010000001.1.region008,terpene,Terpene,GCF_019733325.1,c00002_NZ_JAIH..,2263,2294,2294,,5,unknown_family,u_Terpene_5
NZ_JAIHBQ010000001.1.region009,butyrolactone,Others,GCF_019733325.1,c00002_NZ_JAIH..,2297,2264,2033,36,4,unknown_family,u_Others_4
NZ_JAIHBQ010000001.1.region010,RiPP-like,RiPPs,GCF_019733325.1,c00002_NZ_JAIH..,2015,2015,2015,552,9,unknown_family,u_RiPPs_9
NZ_JAIHBQ010000001.1.region011,NRPS-like.ladderane.thioamide-NRP.NRPS.RRE-containing,Others,GCF_019733325.1,c00002_NZ_JAIH..,2266,2266,2266,2266,21,unknown_family,u_Others_21
NZ_JAIHBQ010000001.1.region012,indole,Others,GCF_019733325.1,c00002_NZ_JAIH..,2267,2267,2267,36,90,unknown_family,u_Others_90
NZ_JAIHBQ010000001.1.region013,siderophore,Others,GCF_019733325.1,c00002_NZ_JAIH..,2014,2014,2014,36,6,unknown_family,u_Others_6
NZ_JAIHBQ010000001.1.region014,siderophore,Others,GCF_019733325.1,c00002_NZ_JAIH..,2302,2302,2302,36,15,unknown_family,u_Others_15
NZ_JAIHBQ010000001.1.region015,T3PKS,PKSother,GCF_019733325.1,c00002_NZ_JAIH..,2270,2270,2270,,12,unknown_family,u_PKSother_12
NZ_JAIHBQ010000001.1.region016,melanin,Others,GCF_019733325.1,c00002_NZ_JAIH..,1983,1983,1983,36,3,unknown_family,u_Others_3
NZ_JAIHBQ010000001.1.region017,NRPS,NRPS,GCF_019733325.1,c00002_NZ_JAIH..,2272,2272,2272,2175,112,unknown_family,u_NRPS_112
NZ_JAIHBQ010000001.1.region018,siderophore,Others,GCF_019733325.1,c00002_NZ_JAIH..,1919,1919,1919,1919,1,known_family,desferrioxamin B;desferrioxamine E;desferrioxamine;desferrioxamine E;desferrioxamin B
NZ_JAIHBQ010000001.1.region019,NRPS,NRPS,GCF_019733325.1,c00002_NZ_JAIH..,2299,2299,2299,2175,51,unknown_family,u_NRPS_51
NZ_JAIHBQ010000001.1.region020,betalactone,Others,GCF_019733325.1,c00002_NZ_JAIH..,2275,2275,2275,36,94,unknown_family,u_Others_94
NZ_JAIHBQ010000001.1.region021,terpene,Terpene,GCF_019733325.1,c00002_NZ_JAIH..,2276,633,633,,133,unknown_family,u_Terpene_133
NZ_JAIHBQ010000001.1.region022,terpene.lanthipeptide-class-ii,Others,GCF_019733325.1,c00002_NZ_JAIH..,2111,2111,2111,36,20,unknown_family,u_Others_20
NZ_JAIHBQ010000001.1.region023,lanthipeptide-class-iii,RiPPs,GCF_019733325.1,c00002_NZ_JAIH..,2278,2278,2278,552,117,unknown_family,u_RiPPs_117
NZ_JAIHBQ010000001.1.region024,terpene,Terpene,GCF_019733325.1,c00002_NZ_JAIH..,2279,2279,2279,,136,unknown_family,u_Terpene_136
NZ_JAIHBQ010000001.1.region025,terpene,Terpene,GCF_019733325.1,c00002_NZ_JAIH..,2109,2109,2109,,14,unknown_family,u_Terpene_14
NZ_JAIHBQ010000001.1.region026,ectoine,Others,GCF_019733325.1,c00002_NZ_JAIH..,1911,1911,1911,2045,2,known_family,ectoine
NZ_JAIHBQ010000001.1.region027,NRPS.T1PKS,PKS-NRP_Hybrids,GCF_019733325.1,c00002_NZ_JAIH..,2282,2282,2282,,98,unknown_family,u_PKS-NRP_Hybrids_98
NZ_JAIHBQ010000001.1.region028,terpene,Terpene,GCF_019733325.1,c00002_NZ_JAIH..,2283,2283,2283,,135,unknown_family,u_Terpene_135
NZ_JAIHBQ010000001.1.region029,T3PKS,PKSother,GCF_019733325.1,c00002_NZ_JAIH..,2284,2284,2284,,101,unknown_family,u_PKSother_101
NZ_JAJNOJ010000002.1.region001,lanthipeptide-class-iv,RiPPs,GCF_021044745.1,c00002_NZ_JAJN..,2255,2255,2255,552,17,known_family,venezuelin
NZ_JAJNOJ010000002.1.region002,NRPS.NAPAA,NRPS,GCF_021044745.1,c00002_NZ_JAJN..,2287,2287,2287,2175,104,unknown_family,u_NRPS_104
NZ_JAJNOJ010000002.1.region003,NRPS.T2PKS.T1PKS,PKS-NRP_Hybrids,GCF_021044745.1,c00002_NZ_JAJN..,2288,2288,2288,,65,unknown_family,u_PKS-NRP_Hybrids_65
NZ_JAJNOJ010000002.1.region004,thiopeptide.terpene.LAP,Others,GCF_021044745.1,c00002_NZ_JAJN..,2289,2289,2289,36,85,unknown_family,u_Others_85
NZ_JAJNOJ010000002.1.region005,NRPS,NRPS,GCF_021044745.1,c00002_NZ_JAJN..,2422,2422,2422,2175,8,unknown_family,u_NRPS_8
NZ_JAJNOJ010000002.1.region006,melanin,Others,GCF_021044745.1,c00002_NZ_JAJN..,2421,2421,2421,2421,7,unknown_family,u_Others_7
NZ_JAJNOJ010000002.1.region007,lanthipeptide-class-iii,RiPPs,GCF_021044745.1,c00002_NZ_JAJN..,2292,2292,2292,2418,19,unknown_family,u_RiPPs_19
NZ_JAJNOJ010000002.1.region008,RiPP-like,RiPPs,GCF_021044745.1,c00002_NZ_JAJN..,2174,2174,2174,552,52,unknown_family,u_RiPPs_52
NZ_JAJNOJ010000002.1.region009,terpene,Terpene,GCF_021044745.1,c00002_NZ_JAJN..,2263,2294,2294,,5,unknown_family,u_Terpene_5
NZ_JAJNOJ010000002.1.region010,RRE-containing.T2PKS,Others,GCF_021044745.1,c00002_NZ_JAJN..,671,671,2295,36,47,known_family,kanamycin
NZ_JAJNOJ010000002.1.region011,NRPS.T1PKS,PKS-NRP_Hybrids,GCF_021044745.1,c00002_NZ_JAJN..,2296,2296,2296,,68,unknown_family,u_PKS-NRP_Hybrids_68
NZ_JAJNOJ010000002.1.region012,butyrolactone,Others,GCF_021044745.1,c00002_NZ_JAJN..,2297,2264,2414,36,4,unknown_family,u_Others_4
NZ_JAJNOJ010000002.1.region013,RiPP-like,RiPPs,GCF_021044745.1,c00002_NZ_JAJN..,2015,2015,2015,552,9,unknown_family,u_RiPPs_9
NZ_JAJNOJ010000002.1.region014,NRPS,NRPS,GCF_021044745.1,c00002_NZ_JAJN..,2299,2299,2299,2175,51,unknown_family,u_NRPS_51
NZ_JAJNOJ010000002.1.region015,NRPS,NRPS,GCF_021044745.1,c00002_NZ_JAJN..,2242,2242,2242,2175,71,unknown_family,u_NRPS_71
NZ_JAJNOJ010000002.1.region016,siderophore,Others,GCF_021044745.1,c00002_NZ_JAJN..,2014,2014,2014,36,6,unknown_family,u_Others_6
NZ_JAJNOJ010000002.1.region017,siderophore,Others,GCF_021044745.1,c00002_NZ_JAJN..,2302,2302,2302,36,15,unknown_family,u_Others_15
NZ_JAJNOJ010000002.1.region018,LAP.thiopeptide,RiPPs,GCF_021044745.1,c00002_NZ_JAJN..,2239,2239,2239,552,18,unknown_family,u_RiPPs_18
NZ_JAJNOJ010000002.1.region019,butyrolactone,Others,GCF_021044745.1,c00002_NZ_JAJN..,2238,2238,2238,2238,11,unknown_family,u_Others_11
NZ_JAJNOJ010000002.1.region020,melanin,Others,GCF_021044745.1,c00002_NZ_JAJN..,1983,1983,1983,36,3,unknown_family,u_Others_3
NZ_JAJNOJ010000002.1.region021,linaridin,RiPPs,GCF_021044745.1,c00002_NZ_JAJN..,2306,2306,2236,552,122,unknown_family,u_RiPPs_122
NZ_JAJNOJ010000002.1.region022,NRPS-like,NRPS,GCF_021044745.1,c00002_NZ_JAJN..,2235,2235,2235,2235,13,unknown_family,u_NRPS_13
NZ_JAJNOJ010000002.1.region023,siderophore,Others,GCF_021044745.1,c00002_NZ_JAJN..,1919,1919,1919,1919,1,known_family,desferrioxamin B;desferrioxamine E;desferrioxamine;desferrioxamine E;desferrioxamin B
NZ_JAJNOJ010000002.1.region024,CDPS,Others,GCF_021044745.1,c00002_NZ_JAJN..,1918,1918,1918,36,10,unknown_family,u_Others_10
NZ_JAJNOJ010000002.1.region025,NAPAA,NRPS,GCF_021044745.1,c00002_NZ_JAJN..,2310,2310,2310,2175,103,unknown_family,u_NRPS_103
NZ_JAJNOJ010000002.1.region026,terpene.lanthipeptide-class-ii,Others,GCF_021044745.1,c00002_NZ_JAJN..,2232,2111,2111,36,62,unknown_family,u_Others_62
NZ_JAJNOJ010000002.1.region027,terpene,Terpene,GCF_021044745.1,c00002_NZ_JAJN..,2109,2109,2109,,14,unknown_family,u_Terpene_14
NZ_JAJNOJ010000002.1.region028,ectoine,Others,GCF_021044745.1,c00002_NZ_JAJN..,1911,1911,1911,2045,2,known_family,ectoine
NZ_JAJNOJ010000002.1.region029,NRPS.T1PKS,PKS-NRP_Hybrids,GCF_021044745.1,c00002_NZ_JAJN..,2314,2314,2314,,67,unknown_family,u_PKS-NRP_Hybrids_67
NZ_JAJNOJ010000002.1.region030,CDPS,Others,GCF_021044745.1,c00002_NZ_JAJN..,2315,2315,2315,36,60,unknown_family,u_Others_60
NZ_JAJNOJ010000002.1.region031,terpene,Terpene,GCF_021044745.1,c00002_NZ_JAJN..,2227,2227,2227,,78,unknown_family,u_Terpene_78
NZ_JAJNOJ010000002.1.region032,NRPS-like.T1PKS,PKS-NRP_Hybrids,GCF_021044745.1,c00002_NZ_JAJN..,2226,2226,2226,,66,unknown_family,u_PKS-NRP_Hybrids_66
NZ_JAJNOJ010000002.1.region033,terpene,Terpene,GCF_021044745.1,c00002_NZ_JAJN..,2225,2034,633,,79,unknown_family,u_Terpene_79
